Frame,Sekunde,Aktion,WRIST_Y,SHOULDER_Y,ANKLE_Y,Sichtbarkeit,Fehler
126,5.04,neutral,0.6644665002822876,0.5964685678482056,0.8877300024032593,0.65,False
127,5.08,neutral,0.7033887505531311,0.5937061905860901,0.8866283893585205,0.63,False
128,5.12,neutral,0.7013903856277466,0.597940981388092,0.8856409192085266,0.63,False
129,5.16,neutral,0.6277965307235718,0.596049427986145,0.8852083683013916,0.63,False
130,5.2,neutral,0.6449011564254761,0.5939215421676636,0.8858223557472229,0.63,False
131,5.24,neutral,0.6467665433883667,0.5960744619369507,0.8859509825706482,0.62,False
132,5.28,neutral,0.6795280575752258,0.6040188670158386,0.8875906467437744,0.61,False
133,5.32,neutral,0.6937509775161743,0.6076436042785645,0.8884671330451965,0.61,False
134,5.36,neutral,0.6948789954185486,0.6066928505897522,0.8893252611160278,0.59,False
135,5.4,neutral,0.6376276612281799,0.6053032279014587,0.8902279734611511,0.56,False
136,5.44,neutral,0.6932318806648254,0.604785680770874,0.8867079615592957,0.57,False
137,5.48,neutral,0.687826931476593,0.602748692035675,0.8880290389060974,0.56,False
138,5.52,neutral,0.550501823425293,0.600239634513855,0.8880939483642578,0.57,False
139,5.56,neutral,0.5595178604125977,0.5999089479446411,0.8882357478141785,0.57,False
140,5.6,neutral,0.6043552756309509,0.6000565886497498,0.887447714805603,0.6,False
141,5.64,neutral,0.6631581783294678,0.5999980568885803,0.887279748916626,0.59,False
142,5.68,neutral,0.6625964641571045,0.603566586971283,0.8837327361106873,0.6,False
143,5.72,neutral,0.6222800612449646,0.6033017039299011,0.8832520842552185,0.61,False
144,5.76,neutral,0.5725265741348267,0.6060783863067627,0.8847382068634033,0.63,False
145,5.8,neutral,0.5523733496665955,0.6073834896087646,0.8829753994941711,0.65,False
146,5.84,neutral,0.5639668703079224,0.6118146777153015,0.8832012414932251,0.65,False
147,5.88,neutral,0.5429161190986633,0.6046470403671265,0.8802514672279358,0.66,False
148,5.92,neutral,0.5392280220985413,0.6071790456771851,0.8803420066833496,0.68,False
149,5.96,neutral,0.5712704062461853,0.6031871438026428,0.8839770555496216,0.67,False
150,6.0,neutral,0.5528749227523804,0.6108018755912781,0.8855269551277161,0.69,False
151,6.04,neutral,0.5588197708129883,0.5991058945655823,0.8778467178344727,0.65,False
152,6.08,neutral,0.66944420337677,0.599735677242279,0.8703641295433044,0.62,False
153,6.12,neutral,0.6874096393585205,0.5999096632003784,0.8613829016685486,0.61,False
154,6.16,neutral,0.6829388737678528,0.6003755331039429,0.8666428327560425,0.62,False
155,6.2,neutral,0.6729457378387451,0.5973525047302246,0.8689233660697937,0.61,False
156,6.24,neutral,0.669086217880249,0.5973801016807556,0.8597854971885681,0.58,False
157,6.28,neutral,0.6750967502593994,0.5978269577026367,0.8626983761787415,0.54,False
158,6.32,neutral,0.6733536124229431,0.5984722971916199,0.8661268949508667,0.51,False
159,6.36,neutral,0.6369943618774414,0.5991761088371277,0.8676221966743469,0.48,True
160,6.4,neutral,0.6581324338912964,0.600945770740509,0.870080292224884,0.46,True
161,6.44,neutral,0.6433750987052917,0.6023566722869873,0.8790104389190674,0.43,True
162,6.48,neutral,0.6443735361099243,0.6023938655853271,0.8659756183624268,0.41,True
163,6.52,neutral,0.6076764464378357,0.6026487350463867,0.8746355175971985,0.38,True
164,6.56,neutral,0.5537371039390564,0.6037464141845703,0.8744789361953735,0.39,True
165,6.6,neutral,0.5646751523017883,0.6066268682479858,0.8877259492874146,0.38,True
166,6.64,neutral,0.6170790791511536,0.6070927977561951,0.8854763507843018,0.35,True
167,6.68,neutral,0.621942400932312,0.6068335771560669,0.8862309455871582,0.32,True
168,6.72,neutral,0.6479883193969727,0.606685996055603,0.8864319324493408,0.3,True
169,6.76,neutral,0.6601137518882751,0.6065745949745178,0.8877508044242859,0.28,True
170,6.8,neutral,0.6657273173332214,0.6059290766716003,0.888773500919342,0.26,True
171,6.84,neutral,0.6698586940765381,0.6035518050193787,0.8489503860473633,0.25,True
172,6.88,neutral,0.6744509339332581,0.6028182506561279,0.8587692975997925,0.25,True
173,6.92,neutral,0.6740527749061584,0.602769136428833,0.8227768540382385,0.27,True
174,6.96,neutral,0.6713893413543701,0.6033713817596436,0.8338429927825928,0.27,True
175,7.0,neutral,0.6721779108047485,0.6036117076873779,0.8178070783615112,0.28,True
176,7.04,neutral,0.6713393330574036,0.606069028377533,0.7761502861976624,0.3,True
177,7.08,neutral,0.6735048890113831,0.6081276535987854,0.778569757938385,0.3,True
178,7.12,neutral,0.6788084506988525,0.6112331748008728,0.7513371109962463,0.31,True
179,7.16,neutral,0.68212890625,0.6126807332038879,0.7484080791473389,0.31,True
180,7.2,neutral,0.6886640787124634,0.6162645816802979,0.7532938122749329,0.3,True
181,7.24,neutral,0.6866211891174316,0.6172671318054199,0.7660394906997681,0.32,True
182,7.28,neutral,0.6860710382461548,0.618396520614624,0.7729657292366028,0.32,True
183,7.32,neutral,0.6840710043907166,0.6193225383758545,0.7759231925010681,0.32,True
184,7.36,neutral,0.6835047602653503,0.6187182068824768,0.7848260402679443,0.3,True
185,7.4,neutral,0.683055579662323,0.6185579895973206,0.7849493026733398,0.3,True
186,7.44,neutral,0.6791353821754456,0.6149893999099731,0.7867549657821655,0.32,True
187,7.48,neutral,0.675733745098114,0.6117048263549805,0.7875159978866577,0.35,True
188,7.52,neutral,0.6719109416007996,0.6068688035011292,0.7888158559799194,0.35,True
189,7.56,neutral,0.6704033613204956,0.6011389493942261,0.7890539765357971,0.4,True
190,7.6,neutral,0.6672562956809998,0.5965533256530762,0.7889972925186157,0.45,True
191,7.64,neutral,0.6654984951019287,0.5957189798355103,0.7805657982826233,0.46,True
192,7.68,neutral,0.6646192073822021,0.5944761633872986,0.7792723178863525,0.49,True
193,7.72,neutral,0.6659556031227112,0.5953407287597656,0.7795069217681885,0.46,True
194,7.76,neutral,0.6690338253974915,0.5968630313873291,0.78312748670578,0.47,True
195,7.8,neutral,0.6730007529258728,0.599503755569458,0.7858988046646118,0.48,True
196,7.84,neutral,0.6781908273696899,0.6051573753356934,0.7856239676475525,0.48,True
197,7.88,neutral,0.6847317218780518,0.6102196574211121,0.7852737307548523,0.49,True
198,7.92,neutral,0.6844053864479065,0.6146613359451294,0.7803247570991516,0.47,True
199,7.96,neutral,0.682775616645813,0.619063138961792,0.7721912860870361,0.43,True
200,8.0,neutral,0.6907294392585754,0.6245328187942505,0.7695753574371338,0.41,True
201,8.04,neutral,0.6820254921913147,0.6318833827972412,0.7551486492156982,0.37,True
202,8.08,neutral,0.7020165324211121,0.6369847655296326,0.7665824890136719,0.35,True
203,8.12,neutral,0.7027713060379028,0.6433802247047424,0.773357629776001,0.32,True
204,8.16,neutral,0.692375898361206,0.6473337411880493,0.7585572600364685,0.29,True
205,8.2,neutral,0.7039690017700195,0.6520623564720154,0.760491132736206,0.27,True
206,8.24,neutral,0.7146305441856384,0.6537720561027527,0.7589134573936462,0.25,True
207,8.28,neutral,0.7053044438362122,0.6520459651947021,0.7611820697784424,0.25,True
208,8.32,neutral,0.6994119882583618,0.6483548879623413,0.7743326425552368,0.25,True
209,8.36,neutral,0.698106586933136,0.6488639712333679,0.7510712146759033,0.24,True
210,8.4,neutral,0.6977118849754333,0.6466923356056213,0.7430980801582336,0.23,True
211,8.44,neutral,0.6961165070533752,0.642276406288147,0.7376092076301575,0.21,True
212,8.48,neutral,0.6946863532066345,0.640084981918335,0.7219982147216797,0.19,True
213,8.52,neutral,0.6912470459938049,0.6292369365692139,0.7365941405296326,0.2,True
214,8.56,neutral,0.5908858776092529,0.6227313280105591,0.7404736876487732,0.22,True
215,8.6,neutral,0.6329381465911865,0.6169000267982483,0.7415794730186462,0.2,True
216,8.64,neutral,0.6781785488128662,0.6140310168266296,0.7557507157325745,0.21,True
217,8.68,neutral,0.6723154783248901,0.6073633432388306,0.7710641026496887,0.19,True
218,8.72,neutral,0.6576272249221802,0.6046308875083923,0.7652390003204346,0.17,True
219,8.76,neutral,0.6579253077507019,0.601417064666748,0.7714879512786865,0.16,True
220,8.8,neutral,0.6591446995735168,0.5999005436897278,0.7716349959373474,0.17,True
221,8.84,neutral,0.6620193719863892,0.5989376902580261,0.7677226662635803,0.2,True
222,8.88,neutral,0.6625005602836609,0.5945960283279419,0.7763862609863281,0.23,True
223,8.92,neutral,0.6618024110794067,0.5925217270851135,0.773021936416626,0.23,True
224,8.96,neutral,0.6612032055854797,0.5904978513717651,0.7853454351425171,0.26,True
225,9.0,neutral,0.6597136855125427,0.5906989574432373,0.7839934825897217,0.29,True
226,9.04,neutral,0.6601949334144592,0.5912247896194458,0.7889212369918823,0.29,True
227,9.08,neutral,0.6667746901512146,0.5924885869026184,0.7875604033470154,0.3,True
228,9.12,neutral,0.6666706204414368,0.5906286835670471,0.7834600210189819,0.33,True
229,9.16,neutral,0.6540855765342712,0.585860013961792,0.7707889676094055,0.3,True
230,9.2,neutral,0.6516056060791016,0.5831912755966187,0.7589384913444519,0.29,True
231,9.24,neutral,0.6517083048820496,0.580249011516571,0.7551434636116028,0.31,True
232,9.28,neutral,0.6536256670951843,0.5774245262145996,0.7576371431350708,0.36,True
233,9.32,neutral,0.6545860171318054,0.5765136480331421,0.7436091899871826,0.42,True
234,9.36,neutral,0.6575161814689636,0.5776423811912537,0.7456320524215698,0.47,True
235,9.4,neutral,0.657054603099823,0.5756072402000427,0.7437734007835388,0.49,True
236,9.44,neutral,0.6568553447723389,0.5748876333236694,0.7270122766494751,0.53,False
237,9.48,neutral,0.6507994532585144,0.5690661072731018,0.7156596779823303,0.57,False
238,9.52,neutral,0.6449704170227051,0.5634825825691223,0.7219266295433044,0.6,False
239,9.56,neutral,0.6403923034667969,0.5588324069976807,0.714189887046814,0.59,False
240,9.6,neutral,0.6342076659202576,0.5539404153823853,0.7169656753540039,0.6,False
241,9.64,neutral,0.6212075352668762,0.5530686974525452,0.7129601836204529,0.6,False
242,9.68,neutral,0.6162024736404419,0.5476011037826538,0.6673790812492371,0.58,False
243,9.72,neutral,0.5681434869766235,0.5371523499488831,0.6816721558570862,0.53,False
244,9.76,neutral,0.5833899974822998,0.528052568435669,0.7014076709747314,0.49,True
245,9.8,neutral,0.5536697506904602,0.5206494331359863,0.7046476602554321,0.46,True
246,9.84,neutral,0.556582510471344,0.5122087597846985,0.7057983875274658,0.43,True
247,9.88,neutral,0.5535959601402283,0.5053843259811401,0.6963747143745422,0.45,True
248,9.92,neutral,0.552971363067627,0.5066757798194885,0.6868456602096558,0.42,True
249,9.96,neutral,0.5515351891517639,0.507046639919281,0.6815998554229736,0.39,True
250,10.0,neutral,0.5627338886260986,0.5078116059303284,0.6798408627510071,0.4,True
251,10.04,neutral,0.5598927736282349,0.507964551448822,0.6681517958641052,0.41,True
252,10.08,neutral,0.5615174174308777,0.5083784461021423,0.6773350238800049,0.39,True
253,10.12,neutral,0.5554144382476807,0.5070734024047852,0.6812684535980225,0.37,True
254,10.16,neutral,0.5304535627365112,0.5039262771606445,0.6825636625289917,0.33,True
255,10.2,neutral,0.4683755338191986,0.5005373954772949,0.6302070617675781,0.37,True
273,10.92,neutral,0.7785369157791138,0.7075995206832886,0.8833144903182983,0.43,True
274,10.96,neutral,0.7784895300865173,0.7075621485710144,0.8843868970870972,0.48,True
275,11.0,neutral,0.77863609790802,0.7075578570365906,0.8831858038902283,0.53,False
276,11.04,neutral,0.779001772403717,0.7075429558753967,0.8893311023712158,0.57,False
277,11.08,neutral,0.7817699909210205,0.7078338861465454,0.8898195624351501,0.61,False
278,11.12,neutral,0.7836183905601501,0.7077933549880981,0.8922112584114075,0.65,False
279,11.16,neutral,0.7834105491638184,0.7076645493507385,0.8937872648239136,0.68,False
280,11.2,neutral,0.7841941118240356,0.7076501250267029,0.8963677883148193,0.7,False
281,11.24,neutral,0.7843576669692993,0.7075726389884949,0.8954782485961914,0.73,False
282,11.28,neutral,0.784504234790802,0.7086035013198853,0.8896623253822327,0.75,False
283,11.32,neutral,0.7844139933586121,0.7120875120162964,0.8866652846336365,0.77,False
284,11.36,neutral,0.7852613925933838,0.7151758670806885,0.8793789744377136,0.77,False
285,11.4,neutral,0.7884323596954346,0.7214233875274658,0.8814728260040283,0.75,False
286,11.44,neutral,0.7971310019493103,0.7263650894165039,0.8818069696426392,0.76,False
287,11.48,neutral,0.8037488460540771,0.7298274040222168,0.8819355368614197,0.78,False
288,11.52,neutral,0.8130390048027039,0.7303669452667236,0.8833620548248291,0.8,False
289,11.56,neutral,0.8103713393211365,0.7293585538864136,0.8835940957069397,0.81,False
290,11.6,neutral,0.8103187084197998,0.7283839583396912,0.8840190768241882,0.82,False
291,11.64,neutral,0.810573935508728,0.7269324660301208,0.8842570781707764,0.83,False
292,11.68,neutral,0.8090733885765076,0.7254340648651123,0.8836930990219116,0.84,False
293,11.72,neutral,0.8072077631950378,0.721272349357605,0.8838478922843933,0.85,False
294,11.76,neutral,0.8044907450675964,0.7185527682304382,0.8840348720550537,0.85,False
295,11.8,neutral,0.8025772571563721,0.7145649790763855,0.8831546902656555,0.85,False
296,11.84,neutral,0.7920360565185547,0.7126021385192871,0.8832294344902039,0.85,False
297,11.88,neutral,0.7915337085723877,0.7107730507850647,0.8847997188568115,0.83,False
298,11.92,neutral,0.7908371686935425,0.708568811416626,0.8845120072364807,0.83,False
299,11.96,neutral,0.7898275256156921,0.7073691487312317,0.8840090036392212,0.84,False
300,12.0,neutral,0.786724865436554,0.7050699591636658,0.882085382938385,0.84,False
301,12.04,neutral,0.783688485622406,0.7031295895576477,0.8809459805488586,0.82,False
302,12.08,neutral,0.7835028171539307,0.7006699442863464,0.8782014846801758,0.82,False
303,12.12,neutral,0.7803135514259338,0.6973963975906372,0.8746655583381653,0.82,False
304,12.16,neutral,0.7797480225563049,0.6962486505508423,0.8729255199432373,0.83,False
305,12.2,neutral,0.7788009643554688,0.6939858794212341,0.8720934391021729,0.83,False
306,12.24,neutral,0.7788275480270386,0.6924448609352112,0.8722343444824219,0.83,False
307,12.28,neutral,0.7773876786231995,0.692294180393219,0.8728944659233093,0.84,False
308,12.32,neutral,0.7761135697364807,0.6906416416168213,0.8733149170875549,0.85,False
309,12.36,neutral,0.7756028175354004,0.6900670528411865,0.8727617263793945,0.86,False
310,12.4,neutral,0.7760475277900696,0.6901534795761108,0.8726356625556946,0.87,False
311,12.44,neutral,0.7757703065872192,0.6900796294212341,0.8704946041107178,0.87,False
312,12.48,neutral,0.7758854627609253,0.6903641819953918,0.8693551421165466,0.87,False
313,12.52,neutral,0.776332437992096,0.6902024745941162,0.8692910075187683,0.87,False
314,12.56,neutral,0.775580108165741,0.6905843019485474,0.8694313764572144,0.87,False
315,12.6,neutral,0.7749264240264893,0.6907575130462646,0.8697434067726135,0.87,False
316,12.64,neutral,0.7746250033378601,0.6905037760734558,0.8699017763137817,0.86,False
317,12.68,neutral,0.7747606039047241,0.6905420422554016,0.8705199956893921,0.85,False
318,12.72,neutral,0.774910032749176,0.6907007694244385,0.8710321187973022,0.84,False
319,12.76,neutral,0.7744195461273193,0.6907749176025391,0.8710839748382568,0.8,False
320,12.8,neutral,0.7716583013534546,0.6908531785011292,0.8711300492286682,0.75,False
321,12.84,neutral,0.7732480764389038,0.6912293434143066,0.8711515069007874,0.76,False
322,12.88,neutral,0.7736979126930237,0.6912578344345093,0.8717371821403503,0.76,False
323,12.92,neutral,0.7742853760719299,0.6914684176445007,0.8712117671966553,0.77,False
324,12.96,neutral,0.7743430137634277,0.691493570804596,0.8710441589355469,0.77,False
325,13.0,neutral,0.7744119167327881,0.6909173130989075,0.871015191078186,0.78,False
326,13.04,neutral,0.7746102809906006,0.6902077198028564,0.8710629940032959,0.79,False
327,13.08,neutral,0.7746466994285583,0.6900889873504639,0.8710724711418152,0.8,False
328,13.12,neutral,0.7746561169624329,0.6897758841514587,0.8709610104560852,0.81,False
329,13.16,neutral,0.7755879163742065,0.6895871162414551,0.8708915710449219,0.82,False
330,13.2,neutral,0.7765316963195801,0.6895418167114258,0.8711060881614685,0.83,False
331,13.24,neutral,0.7829513549804688,0.6901261210441589,0.8714986443519592,0.84,False
332,13.28,neutral,0.7847687602043152,0.6918177604675293,0.8723205924034119,0.85,False
333,13.32,neutral,0.7889907360076904,0.6944352388381958,0.872300386428833,0.86,False
334,13.36,neutral,0.7931554317474365,0.6977095007896423,0.8731938600540161,0.87,False
335,13.4,neutral,0.7934176921844482,0.6996729373931885,0.8740251064300537,0.88,False
336,13.44,neutral,0.7933464050292969,0.7005918622016907,0.8763282299041748,0.88,False
337,13.48,neutral,0.7937846183776855,0.7008668184280396,0.8790691494941711,0.89,False
338,13.52,neutral,0.7961772084236145,0.7012693285942078,0.8831691145896912,0.9,False
339,13.56,neutral,0.7961286902427673,0.7011115550994873,0.8916826248168945,0.9,False
340,13.6,neutral,0.7970088720321655,0.7014272809028625,0.8980093002319336,0.91,False
341,13.64,neutral,0.7968634963035583,0.7017902135848999,0.8989474177360535,0.91,False
342,13.68,neutral,0.7962422966957092,0.702305018901825,0.8995612263679504,0.92,False
343,13.72,neutral,0.7961863279342651,0.702173113822937,0.8995492458343506,0.92,False
344,13.76,neutral,0.7956236600875854,0.7024496793746948,0.9003896713256836,0.92,False
345,13.8,neutral,0.795574963092804,0.7024163603782654,0.9020982384681702,0.92,False
346,13.84,neutral,0.7952944040298462,0.7027862071990967,0.9019181132316589,0.91,False
347,13.88,neutral,0.7959481477737427,0.7041578888893127,0.9012715220451355,0.92,False
348,13.92,neutral,0.7969359755516052,0.7057831287384033,0.9002355933189392,0.92,False
349,13.96,neutral,0.7967715859413147,0.706508457660675,0.8996161222457886,0.92,False
350,14.0,neutral,0.7965165376663208,0.7068254351615906,0.8992263078689575,0.92,False
351,14.04,neutral,0.7978177666664124,0.7078626155853271,0.9008365273475647,0.93,False
352,14.08,neutral,0.7980735898017883,0.7085469961166382,0.9005305171012878,0.93,False
353,14.12,neutral,0.7983844876289368,0.7091072201728821,0.9000204801559448,0.94,False
354,14.16,neutral,0.7991890907287598,0.7108687162399292,0.8967779874801636,0.94,False
355,14.2,neutral,0.7997086644172668,0.7124798893928528,0.8956055045127869,0.94,False
356,14.24,neutral,0.7998929023742676,0.7133986353874207,0.8950426578521729,0.94,False
357,14.28,neutral,0.7996924519538879,0.7144376635551453,0.8951115012168884,0.94,False
358,14.32,neutral,0.8004380464553833,0.7150636315345764,0.8950719833374023,0.94,False
359,14.36,neutral,0.7918954491615295,0.714415967464447,0.8950240015983582,0.91,False
360,14.4,neutral,0.7794269919395447,0.7129313945770264,0.894659698009491,0.89,False
361,14.44,neutral,0.7757653594017029,0.7102819085121155,0.8944224119186401,0.89,False
362,14.48,neutral,0.7731584906578064,0.7078888416290283,0.893441915512085,0.83,False
363,14.52,neutral,0.7600993514060974,0.7014787197113037,0.8905333280563354,0.76,False
364,14.56,neutral,0.7560142278671265,0.6970160603523254,0.8850285410881042,0.71,False
365,14.6,neutral,0.7528245449066162,0.6937942504882812,0.8798776865005493,0.7,False
366,14.64,neutral,0.7518484592437744,0.6940196752548218,0.8671839833259583,0.68,False
367,14.68,neutral,0.7525829672813416,0.6955015659332275,0.8593775629997253,0.64,False
368,14.72,neutral,0.7502859830856323,0.6977182626724243,0.8669822216033936,0.6,False
369,14.76,neutral,0.7701693773269653,0.7023347020149231,0.8698492646217346,0.64,False
370,14.8,neutral,0.7705912590026855,0.7068065404891968,0.8670523762702942,0.65,False
371,14.84,neutral,0.7725133895874023,0.7096139788627625,0.8632950782775879,0.66,False
372,14.88,neutral,0.7743507027626038,0.711943507194519,0.8663073182106018,0.66,False
373,14.92,neutral,0.7738154530525208,0.7133537530899048,0.8675925135612488,0.68,False
374,14.96,neutral,0.7837369441986084,0.7151045799255371,0.8669416308403015,0.69,False
375,15.0,neutral,0.7793129682540894,0.713325023651123,0.8676282167434692,0.71,False
376,15.04,neutral,0.7785415053367615,0.7117822170257568,0.8647913336753845,0.69,False
377,15.08,neutral,0.7709957957267761,0.7053875923156738,0.8578014373779297,0.66,False
378,15.12,neutral,0.7677772045135498,0.7022917866706848,0.859830379486084,0.67,False
379,15.16,neutral,0.7642987966537476,0.6943191885948181,0.8609619736671448,0.67,False
380,15.2,neutral,0.7623498439788818,0.6889724135398865,0.8569624423980713,0.7,False
381,15.24,neutral,0.7589781284332275,0.685859203338623,0.8561320304870605,0.72,False
382,15.28,neutral,0.7588568329811096,0.682976245880127,0.8571932911872864,0.73,False
383,15.32,neutral,0.7604981064796448,0.6830082535743713,0.8566765785217285,0.74,False
384,15.36,neutral,0.7613857388496399,0.6856012344360352,0.8588648438453674,0.76,False
385,15.4,neutral,0.7661572694778442,0.687715470790863,0.8632785081863403,0.78,False
386,15.44,neutral,0.7737038731575012,0.6916002631187439,0.8725934624671936,0.78,False
387,15.48,neutral,0.7829145789146423,0.702688455581665,0.8802136778831482,0.79,False
388,15.52,neutral,0.7844976186752319,0.7116908431053162,0.8780540227890015,0.75,False
389,15.56,neutral,0.7842376232147217,0.7181001901626587,0.8763800859451294,0.71,False
390,15.6,neutral,0.782110333442688,0.7215783596038818,0.8777447938919067,0.66,False
391,15.64,neutral,0.7990153431892395,0.7248777151107788,0.878129780292511,0.66,False
392,15.68,neutral,0.792726993560791,0.7267438769340515,0.8803461194038391,0.63,False
393,15.72,neutral,0.801598310470581,0.7285153865814209,0.8818159103393555,0.64,False
394,15.76,neutral,0.8052726984024048,0.7294213175773621,0.8801767230033875,0.64,False
395,15.8,neutral,0.8039273619651794,0.7289198637008667,0.879458487033844,0.62,False
396,15.84,neutral,0.8017022013664246,0.728236973285675,0.8792532086372375,0.63,False
397,15.88,neutral,0.7999697327613831,0.7269694805145264,0.8790687918663025,0.63,False
398,15.92,neutral,0.7984904050827026,0.7261204123497009,0.8791983723640442,0.63,False
399,15.96,neutral,0.794901967048645,0.7242043614387512,0.8790866732597351,0.61,False
400,16.0,neutral,0.7919805645942688,0.7220644950866699,0.8795025944709778,0.59,False
401,16.04,neutral,0.7881482839584351,0.7162487506866455,0.8793621063232422,0.57,False
402,16.08,neutral,0.7801253795623779,0.7105271220207214,0.8760064244270325,0.55,False
403,16.12,neutral,0.7699962258338928,0.7012381553649902,0.8732382655143738,0.55,False
404,16.16,neutral,0.7573408484458923,0.6932488679885864,0.8699528574943542,0.56,False
405,16.2,neutral,0.7488510608673096,0.683823823928833,0.8705018758773804,0.58,False
406,16.24,neutral,0.7405773997306824,0.6765339374542236,0.8639519214630127,0.61,False
407,16.28,neutral,0.7358067035675049,0.6715689301490784,0.8636651039123535,0.63,False
408,16.32,neutral,0.7310698628425598,0.6649500727653503,0.846832811832428,0.62,False
409,16.36,neutral,0.7317910194396973,0.6645106673240662,0.8419367671012878,0.61,False
410,16.4,neutral,0.7371118068695068,0.6628748178482056,0.8440062999725342,0.63,False
411,16.44,neutral,0.7363795638084412,0.6631523966789246,0.8439950942993164,0.62,False
412,16.48,neutral,0.7398412823677063,0.6669356226921082,0.844247579574585,0.63,False
413,16.52,neutral,0.7329037189483643,0.6701972484588623,0.845201313495636,0.58,False
414,16.56,neutral,0.7346818447113037,0.6716023683547974,0.8460186123847961,0.52,False
415,16.6,neutral,0.7295514941215515,0.6710098385810852,0.8448461890220642,0.47,True
416,16.64,neutral,0.6776726841926575,0.6685380339622498,0.8419340252876282,0.43,True
417,16.68,neutral,0.6756634712219238,0.6624405384063721,0.839537501335144,0.39,True
418,16.72,neutral,0.658704400062561,0.6633203029632568,0.8251027464866638,0.39,True
419,16.76,neutral,0.6468569040298462,0.6603673696517944,0.825702965259552,0.4,True
420,16.8,neutral,0.6607924699783325,0.6581976413726807,0.820310652256012,0.41,True
421,16.84,neutral,0.6532226204872131,0.6479076743125916,0.8181418776512146,0.41,True
422,16.88,neutral,0.652642011642456,0.6417856812477112,0.809006929397583,0.43,True
423,16.92,neutral,0.6518396735191345,0.6399967074394226,0.8027018308639526,0.42,True
424,16.96,neutral,0.6494499444961548,0.6404279470443726,0.7922494411468506,0.45,True
425,17.0,neutral,0.6498461961746216,0.6449841856956482,0.7981537580490112,0.49,True
426,17.04,neutral,0.7052866816520691,0.647907018661499,0.799586832523346,0.54,False
427,17.08,neutral,0.6877912878990173,0.6485845446586609,0.7986325621604919,0.58,False
428,17.12,neutral,0.667443037033081,0.6500999927520752,0.7956650257110596,0.62,False
429,17.16,neutral,0.688256561756134,0.6549440622329712,0.7953941822052002,0.65,False
430,17.2,neutral,0.701519250869751,0.6543909907341003,0.7975265383720398,0.66,False
431,17.24,neutral,0.7012172937393188,0.6593683958053589,0.7982856035232544,0.67,False
432,17.28,neutral,0.6578665971755981,0.6534274816513062,0.7929686307907104,0.69,False
433,17.32,neutral,0.6677337884902954,0.6535317301750183,0.795089066028595,0.7,False
434,17.36,neutral,0.6900876760482788,0.6536005735397339,0.7902200222015381,0.72,False
435,17.4,neutral,0.6866409778594971,0.6477290987968445,0.7853503227233887,0.72,False
436,17.44,Angriff,0.6320105791091919,0.6487573385238647,0.7781538367271423,0.75,False
437,17.48,Angriff,0.6108196377754211,0.6503973007202148,0.7805466651916504,0.77,False
438,17.52,Angriff,0.6367390751838684,0.6564064621925354,0.7917465567588806,0.78,False
439,17.56,Angriff,0.6372371315956116,0.6514326930046082,0.7919538021087646,0.8,False
440,17.6,Angriff,0.6403672695159912,0.6513642072677612,0.7865927815437317,0.81,False
441,17.64,Angriff,0.6415696144104004,0.6456146240234375,0.787804126739502,0.82,False
442,17.68,neutral,0.684895396232605,0.6433355808258057,0.7884840965270996,0.84,False
443,17.72,neutral,0.6823060512542725,0.6421018838882446,0.7887322902679443,0.85,False
444,17.76,neutral,0.6830365657806396,0.6438074111938477,0.7889482975006104,0.86,False
445,17.8,neutral,0.6775491237640381,0.6415114402770996,0.7869091629981995,0.86,False
446,17.84,neutral,0.6923545598983765,0.6443321704864502,0.7781026363372803,0.87,False
447,17.88,neutral,0.6899853348731995,0.6451112031936646,0.7815861701965332,0.88,False
448,17.92,neutral,0.6839205026626587,0.6494027972221375,0.7758658528327942,0.88,False
449,17.96,Angriff,0.64573734998703,0.6491932272911072,0.7828251719474792,0.89,False
450,18.0,neutral,0.6832408308982849,0.6517400145530701,0.7927573323249817,0.9,False
451,18.04,neutral,0.6892149448394775,0.6512904167175293,0.7911447882652283,0.91,False
452,18.08,neutral,0.6897828578948975,0.6441343426704407,0.7245545387268066,0.92,False
453,18.12,neutral,0.6822184324264526,0.6385781764984131,0.7511377930641174,0.92,False
454,18.16,neutral,0.6908935308456421,0.6439900994300842,0.6780444383621216,0.92,False
455,18.2,neutral,0.693526029586792,0.6407793164253235,0.7281585335731506,0.92,False
456,18.24,neutral,0.6666005849838257,0.6419535279273987,0.7836062908172607,0.92,False
457,18.28,Angriff,0.6247168779373169,0.6464847326278687,0.7479032874107361,0.92,False
458,18.32,Angriff,0.6276741623878479,0.6472013592720032,0.7658216953277588,0.92,False
459,18.36,Angriff,0.6299140453338623,0.6470673680305481,0.7969715595245361,0.91,False
460,18.4,Angriff,0.6334492564201355,0.6430480480194092,0.7972850799560547,0.91,False
461,18.44,Angriff,0.6246553063392639,0.6400892734527588,0.7984017133712769,0.91,False
462,18.48,Angriff,0.6220104694366455,0.6370413303375244,0.7896751761436462,0.91,False
463,18.52,neutral,0.6857254505157471,0.6504554152488708,0.7929070591926575,0.87,False
464,18.56,Angriff,0.6234983205795288,0.6486433148384094,0.7947028279304504,0.87,False
465,18.6,neutral,0.653505802154541,0.647750973701477,0.7938834428787231,0.88,False
466,18.64,Angriff,0.6397364139556885,0.6400255560874939,0.7938926815986633,0.88,False
467,18.68,neutral,0.6409438252449036,0.6405797600746155,0.7914317846298218,0.89,False
468,18.72,neutral,0.6892457008361816,0.6431572437286377,0.8014681935310364,0.89,False
469,18.76,neutral,0.6930788159370422,0.6431639790534973,0.8060088753700256,0.9,False
470,18.8,neutral,0.6581768989562988,0.6545053124427795,0.8089653849601746,0.91,False
471,18.84,neutral,0.6602455973625183,0.6475650668144226,0.8082489967346191,0.91,False
472,18.88,neutral,0.6569061875343323,0.6477509140968323,0.8052745461463928,0.9,False
473,18.92,neutral,0.6552495956420898,0.6457988619804382,0.8054694533348083,0.89,False
500,20.0,Angriff,0.38479676842689514,0.43626612424850464,0.7016319036483765,0.89,False
519,20.76,Angriff,0.3777405917644501,0.4557180404663086,0.6611650586128235,0.89,False
520,20.8,Angriff,0.41119086742401123,0.4670098125934601,0.7142269611358643,0.84,False
521,20.84,Angriff,0.45746320486068726,0.46723926067352295,0.7119861245155334,0.81,False
522,20.88,neutral,0.5458242297172546,0.4805286228656769,0.7219355702400208,0.76,False
527,21.08,neutral,0.5521774888038635,0.5515283942222595,0.7155169248580933,0.75,False
528,21.12,neutral,0.5555256605148315,0.5330354571342468,0.6728581190109253,0.72,False
529,21.16,neutral,0.5721917152404785,0.5347383618354797,0.689579963684082,0.67,False
530,21.2,neutral,0.5898597240447998,0.5378794074058533,0.6935830116271973,0.63,False
531,21.24,neutral,0.5957492589950562,0.5401754379272461,0.7048493027687073,0.58,False
532,21.28,neutral,0.5931622982025146,0.5419735908508301,0.7061946988105774,0.53,False
533,21.32,neutral,0.6025471687316895,0.5469355583190918,0.7117228507995605,0.49,True
534,21.36,neutral,0.5941203236579895,0.5469038486480713,0.7138088345527649,0.45,True
535,21.4,neutral,0.6155469417572021,0.5468441843986511,0.7171570062637329,0.43,True
536,21.44,neutral,0.6082708835601807,0.5475896596908569,0.7237579822540283,0.41,True
537,21.48,neutral,0.6210190057754517,0.5600619316101074,0.7326561212539673,0.38,True
538,21.52,neutral,0.639218807220459,0.574482798576355,0.743389904499054,0.38,True
539,21.56,neutral,0.6500635147094727,0.5810651183128357,0.7475992441177368,0.36,True
540,21.6,neutral,0.6468068957328796,0.5853903889656067,0.751381516456604,0.34,True
541,21.64,neutral,0.6523870825767517,0.587826669216156,0.7378025650978088,0.34,True
542,21.68,neutral,0.6523780226707458,0.5846006870269775,0.7421560287475586,0.39,True
543,21.72,neutral,0.6502557396888733,0.5851902365684509,0.7402575016021729,0.44,True
544,21.76,neutral,0.6499320268630981,0.593498706817627,0.7512041330337524,0.47,True
545,21.8,neutral,0.6557836532592773,0.6000354290008545,0.7575624585151672,0.47,True
546,21.84,neutral,0.6689069271087646,0.6044544577598572,0.7567758560180664,0.5,True
547,21.88,neutral,0.6572232842445374,0.6055967807769775,0.7317428588867188,0.48,True
548,21.92,neutral,0.6592670679092407,0.6036470532417297,0.7438328266143799,0.45,True
549,21.96,neutral,0.6597926020622253,0.5997551679611206,0.739194393157959,0.42,True
550,22.0,neutral,0.646612286567688,0.5971372127532959,0.7481808662414551,0.39,True
551,22.04,neutral,0.6674779653549194,0.5993583798408508,0.7747860550880432,0.38,True
552,22.08,neutral,0.6560884118080139,0.5916586518287659,0.7852017879486084,0.34,True
555,22.2,neutral,0.3634173274040222,0.3637351095676422,0.5867535471916199,0.41,True
556,22.24,neutral,0.3202107846736908,0.37337246537208557,0.588843822479248,0.47,True
557,22.28,neutral,0.35335174202919006,0.3721873462200165,0.5952354669570923,0.51,False
558,22.32,neutral,0.3836648166179657,0.3809250593185425,0.6104469299316406,0.54,False
559,22.36,neutral,0.39349448680877686,0.3782132863998413,0.6069096326828003,0.58,False
560,22.4,neutral,0.3903404474258423,0.3766048848628998,0.6048752069473267,0.61,False
561,22.44,neutral,0.36764436960220337,0.3806362450122833,0.6161239743232727,0.65,False
562,22.48,neutral,0.36501026153564453,0.3806125521659851,0.6221117377281189,0.67,False
564,22.56,Angriff,0.3573533892631531,0.37222620844841003,0.637482225894928,0.7,False
565,22.6,neutral,0.4406431019306183,0.38989850878715515,0.6132105588912964,0.71,False
568,22.72,neutral,0.507929265499115,0.3956315517425537,0.620930016040802,0.73,False
582,23.28,neutral,0.7821936011314392,0.693820595741272,0.9016009569168091,0.73,False
583,23.32,neutral,0.7858720421791077,0.6939132213592529,0.9013391137123108,0.73,False
584,23.36,neutral,0.7863798141479492,0.6940924525260925,0.9010270237922668,0.73,False
585,23.4,neutral,0.7840766310691833,0.6939880847930908,0.8965747356414795,0.69,False
586,23.44,neutral,0.7862389087677002,0.6946337223052979,0.8937743306159973,0.68,False
587,23.48,neutral,0.7682924270629883,0.6946102976799011,0.8889014720916748,0.63,False
588,23.52,neutral,0.7729936838150024,0.694510817527771,0.8859836459159851,0.61,False
589,23.56,neutral,0.7727932333946228,0.6944842338562012,0.8836963176727295,0.58,False
590,23.6,neutral,0.7797068357467651,0.6951209902763367,0.8759879469871521,0.59,False
591,23.64,neutral,0.7846419811248779,0.696671187877655,0.8755765557289124,0.61,False
592,23.68,neutral,0.7847771644592285,0.6971070766448975,0.8725457787513733,0.63,False
593,23.72,neutral,0.7855419516563416,0.6972123384475708,0.8706784844398499,0.65,False
594,23.76,neutral,0.7874735593795776,0.6973075270652771,0.8727036714553833,0.67,False
595,23.8,neutral,0.7871133089065552,0.6972911357879639,0.8696248531341553,0.69,False
596,23.84,neutral,0.785808801651001,0.6964988112449646,0.8699268698692322,0.7,False
597,23.88,neutral,0.7853379845619202,0.6954615712165833,0.8696749210357666,0.72,False
598,23.92,neutral,0.7813084721565247,0.6922594308853149,0.8703796863555908,0.74,False
599,23.96,neutral,0.7771928906440735,0.690377950668335,0.8705377578735352,0.76,False
600,24.0,neutral,0.7758382558822632,0.6888112425804138,0.8709538578987122,0.78,False
601,24.04,neutral,0.6951172351837158,0.6837450265884399,0.8706851601600647,0.72,False
602,24.08,neutral,0.7351430058479309,0.6824036240577698,0.8688544631004333,0.68,False
603,24.12,neutral,0.7607437968254089,0.6819646954536438,0.865738034248352,0.7,False
604,24.16,neutral,0.7628682255744934,0.6816967129707336,0.8668504357337952,0.71,False
605,24.2,neutral,0.766608715057373,0.6819193363189697,0.8649662137031555,0.73,False
606,24.24,neutral,0.7175601720809937,0.6792261600494385,0.8524887561798096,0.72,False
607,24.28,neutral,0.7455040216445923,0.6791242957115173,0.8454712629318237,0.73,False
608,24.32,neutral,0.7090363502502441,0.6772215366363525,0.8283569812774658,0.67,False
609,24.36,neutral,0.7363131642341614,0.6757021546363831,0.8368490934371948,0.68,False
610,24.4,neutral,0.746464192867279,0.6761223077774048,0.8390669226646423,0.7,False
611,24.44,neutral,0.7489254474639893,0.6750249266624451,0.836201012134552,0.72,False
612,24.48,neutral,0.7480462789535522,0.6734278202056885,0.8341487050056458,0.72,False
613,24.52,neutral,0.7445775866508484,0.6721638441085815,0.8315296769142151,0.7,False
614,24.56,neutral,0.7249419689178467,0.671363115310669,0.8425099849700928,0.69,False
615,24.6,neutral,0.6709033846855164,0.6682106852531433,0.8410504460334778,0.69,False
616,24.64,neutral,0.7090561389923096,0.6694801449775696,0.8342525959014893,0.68,False
617,24.68,neutral,0.7408877015113831,0.6703069806098938,0.8297370672225952,0.69,False
618,24.72,neutral,0.7481296062469482,0.6690941452980042,0.8293601274490356,0.72,False
619,24.76,neutral,0.7462686896324158,0.6652451753616333,0.8289823532104492,0.74,False
620,24.8,neutral,0.7448852062225342,0.6620736718177795,0.8276538848876953,0.76,False
621,24.84,neutral,0.7432445287704468,0.6588661670684814,0.8254539370536804,0.77,False
622,24.88,neutral,0.7427169680595398,0.6563448905944824,0.8252391219139099,0.79,False
623,24.92,neutral,0.7386839389801025,0.6564827561378479,0.8180959820747375,0.8,False
624,24.96,neutral,0.7351881861686707,0.6558781266212463,0.8120307922363281,0.81,False
625,25.0,neutral,0.7343942523002625,0.6573227047920227,0.8137974143028259,0.82,False
626,25.04,neutral,0.734236478805542,0.6582443118095398,0.8150796890258789,0.81,False
627,25.08,neutral,0.737559974193573,0.6592985391616821,0.8154618740081787,0.83,False
628,25.12,neutral,0.7387120127677917,0.6610242128372192,0.8143728375434875,0.83,False
629,25.16,neutral,0.7420777678489685,0.6619129776954651,0.8153320550918579,0.85,False
630,25.2,neutral,0.7422783374786377,0.6630613207817078,0.8157738447189331,0.85,False
631,25.24,neutral,0.7425842881202698,0.6638890504837036,0.8161775469779968,0.83,False
632,25.28,neutral,0.7393627166748047,0.6644514799118042,0.8157777190208435,0.84,False
633,25.32,neutral,0.739223062992096,0.6616805195808411,0.816091775894165,0.84,False
634,25.36,neutral,0.7367528676986694,0.659524142742157,0.8161715865135193,0.84,False
635,25.4,neutral,0.7347220182418823,0.6560298204421997,0.8163564205169678,0.84,False
636,25.44,neutral,0.7344009876251221,0.6540720462799072,0.8164364099502563,0.83,False
637,25.48,neutral,0.7315045595169067,0.6553738713264465,0.8164780735969543,0.83,False
638,25.52,neutral,0.7304403781890869,0.6508409976959229,0.81607586145401,0.82,False
639,25.56,neutral,0.7270338535308838,0.6473253965377808,0.8136627674102783,0.81,False
640,25.6,neutral,0.7178106904029846,0.6458849310874939,0.807908296585083,0.76,False
641,25.64,neutral,0.7215354442596436,0.6414796710014343,0.8085817694664001,0.77,False
642,25.68,neutral,0.7212281227111816,0.6420214176177979,0.8093733191490173,0.78,False
643,25.72,neutral,0.7203598022460938,0.6370565295219421,0.8097350597381592,0.8,False
644,25.76,neutral,0.7177845239639282,0.6307048797607422,0.808010458946228,0.81,False
645,25.8,neutral,0.7144365906715393,0.6269611120223999,0.8024311661720276,0.83,False
646,25.84,neutral,0.7059072256088257,0.6215770244598389,0.7990825176239014,0.84,False
647,25.88,neutral,0.7019813060760498,0.6140047311782837,0.8009122014045715,0.85,False
648,25.92,neutral,0.6879947185516357,0.6105219125747681,0.7972057461738586,0.86,False
649,25.96,neutral,0.6658432483673096,0.6069136261940002,0.7908473014831543,0.84,False
650,26.0,neutral,0.6558111310005188,0.6039607524871826,0.7901594042778015,0.79,False
651,26.04,neutral,0.6491460204124451,0.6032408475875854,0.7862114310264587,0.75,False
652,26.08,neutral,0.6365774273872375,0.6043617725372314,0.7822677493095398,0.7,False
653,26.12,neutral,0.6367754936218262,0.6050691604614258,0.7962788343429565,0.66,False
654,26.16,neutral,0.633842945098877,0.6044583320617676,0.8017330765724182,0.65,False
655,26.2,neutral,0.6280589699745178,0.6047670245170593,0.7934784293174744,0.59,False
656,26.24,neutral,0.6202478408813477,0.6026675701141357,0.7899071574211121,0.55,False
657,26.28,neutral,0.6271952390670776,0.6011313796043396,0.7724190950393677,0.5,True
658,26.32,neutral,0.6309936046600342,0.5981190204620361,0.7790443897247314,0.46,True
659,26.36,neutral,0.6353635787963867,0.5955405235290527,0.7735558748245239,0.43,True
660,26.4,neutral,0.6356756091117859,0.5908154845237732,0.7605962753295898,0.42,True
661,26.44,neutral,0.6415550708770752,0.5876096487045288,0.7583682537078857,0.44,True
662,26.48,neutral,0.6445277333259583,0.5833314657211304,0.7584476470947266,0.47,True
663,26.52,neutral,0.6450566649436951,0.581244945526123,0.7560227513313293,0.5,False
664,26.56,neutral,0.6443331241607666,0.5797560214996338,0.7544389963150024,0.5,False
665,26.6,neutral,0.651689887046814,0.5800018906593323,0.7546826004981995,0.54,False
666,26.64,neutral,0.6527450680732727,0.5807345509529114,0.7530731558799744,0.55,False
667,26.68,neutral,0.618205189704895,0.5797474384307861,0.7538720369338989,0.51,False
668,26.72,neutral,0.6031194925308228,0.5799534320831299,0.7372137904167175,0.52,False
669,26.76,neutral,0.5720899701118469,0.5899446606636047,0.7366319298744202,0.56,False
670,26.8,neutral,0.5760448575019836,0.5891965627670288,0.73439621925354,0.6,False
671,26.84,neutral,0.5707258582115173,0.5887500643730164,0.7345649003982544,0.64,False
672,26.88,neutral,0.5623027086257935,0.5966113209724426,0.7387750148773193,0.67,False
673,26.92,neutral,0.5631527900695801,0.5832977890968323,0.7412436008453369,0.7,False
675,27.0,Angriff,0.38277575373649597,0.43459489941596985,0.6967218518257141,0.72,False
676,27.04,Angriff,0.41866782307624817,0.44928687810897827,0.7031629085540771,0.74,False
677,27.08,Angriff,0.419641375541687,0.45416608452796936,0.7083218097686768,0.72,False
679,27.16,Angriff,0.3884209394454956,0.4636589288711548,0.7118321061134338,0.72,False
680,27.2,Angriff,0.4177887737751007,0.49444839358329773,0.7180140018463135,0.71,False
681,27.24,neutral,0.5794543623924255,0.5119860172271729,0.7234313488006592,0.68,False
682,27.28,neutral,0.6234662532806396,0.546978771686554,0.7365368008613586,0.68,False
683,27.32,neutral,0.6189036965370178,0.5502345561981201,0.7399283051490784,0.69,False
684,27.36,neutral,0.625630259513855,0.5548157691955566,0.7543337345123291,0.69,False
685,27.4,neutral,0.6312924027442932,0.5642073154449463,0.7484991550445557,0.68,False
686,27.44,neutral,0.6438266634941101,0.5689732432365417,0.7574617266654968,0.66,False
687,27.48,neutral,0.6244741678237915,0.5756604671478271,0.7664852142333984,0.63,False
688,27.52,neutral,0.6345294117927551,0.5820465087890625,0.769594132900238,0.61,False
689,27.56,neutral,0.6307008266448975,0.5795904994010925,0.7778698205947876,0.57,False
690,27.6,neutral,0.6375826597213745,0.5850412845611572,0.7869017124176025,0.54,False
691,27.64,neutral,0.6327987313270569,0.5905879139900208,0.7946170568466187,0.5,True
692,27.68,neutral,0.637037456035614,0.5945195555686951,0.7961649894714355,0.47,True
693,27.72,neutral,0.6466517448425293,0.5968821048736572,0.7967677116394043,0.45,True
694,27.76,neutral,0.653102695941925,0.5983197689056396,0.7972095608711243,0.46,True
695,27.8,neutral,0.6594582796096802,0.599774956703186,0.8023011684417725,0.49,True
696,27.84,neutral,0.6621595621109009,0.6040511131286621,0.8118250370025635,0.5,True
697,27.88,neutral,0.669947624206543,0.6092133522033691,0.8225060701370239,0.51,False
698,27.92,neutral,0.6755877137184143,0.6160111427307129,0.8314797878265381,0.52,False
699,27.96,neutral,0.6864801645278931,0.6278887987136841,0.8348372578620911,0.49,True
700,28.0,neutral,0.6883692741394043,0.6328399181365967,0.8288881778717041,0.48,True
701,28.04,neutral,0.691791832447052,0.6332749128341675,0.8316671848297119,0.49,True
702,28.08,neutral,0.6992969512939453,0.6317148208618164,0.8399205207824707,0.46,True
703,28.12,neutral,0.6977806091308594,0.6297301054000854,0.8451278209686279,0.43,True
704,28.16,neutral,0.6996392607688904,0.6295617818832397,0.8490884900093079,0.43,True
705,28.2,neutral,0.7135347127914429,0.635843813419342,0.85419762134552,0.47,True
706,28.24,neutral,0.7179133892059326,0.6427480578422546,0.8617098331451416,0.51,False
707,28.28,neutral,0.7251749634742737,0.6497781276702881,0.8692126274108887,0.52,False
708,28.32,neutral,0.7307178974151611,0.6555306315422058,0.8717746138572693,0.56,False
709,28.36,neutral,0.7346919775009155,0.6585992574691772,0.8609605431556702,0.59,False
710,28.4,neutral,0.7387294769287109,0.6639111042022705,0.8697307705879211,0.63,False
711,28.44,neutral,0.7426019310951233,0.6733147501945496,0.8632189035415649,0.66,False
712,28.48,neutral,0.7464245557785034,0.6829371452331543,0.8942944407463074,0.68,False
713,28.52,neutral,0.7541849613189697,0.6857497096061707,0.8947888612747192,0.7,False
714,28.56,neutral,0.7576026916503906,0.687368631362915,0.8865494132041931,0.73,False
715,28.6,neutral,0.7583811283111572,0.6882491707801819,0.8877902626991272,0.75,False
716,28.64,neutral,0.7602532505989075,0.6899483799934387,0.9011743068695068,0.75,False
717,28.68,neutral,0.7652261257171631,0.6936259865760803,0.91218101978302,0.72,False
718,28.72,neutral,0.7719295024871826,0.7005615830421448,0.9097614288330078,0.69,False
719,28.76,neutral,0.7718204855918884,0.7016990780830383,0.9130035042762756,0.66,False
720,28.8,neutral,0.7719253897666931,0.7013146877288818,0.9135161638259888,0.63,False
721,28.84,neutral,0.7667366862297058,0.6985634565353394,0.9148845672607422,0.62,False
722,28.88,neutral,0.7651703953742981,0.696359395980835,0.9091911315917969,0.6,False
723,28.92,neutral,0.7645785808563232,0.6949540376663208,0.9070104956626892,0.6,False
724,28.96,neutral,0.7611895799636841,0.6917966604232788,0.8977900743484497,0.59,False
725,29.0,neutral,0.7565369009971619,0.6870944499969482,0.8894586563110352,0.59,False
726,29.04,neutral,0.7553514242172241,0.6872713565826416,0.8841389417648315,0.56,False
727,29.08,neutral,0.755595326423645,0.6881898045539856,0.8851606845855713,0.54,False
728,29.12,neutral,0.7568064332008362,0.6939237117767334,0.8858940601348877,0.52,False
729,29.16,neutral,0.7611291408538818,0.7003945112228394,0.8874527215957642,0.5,True
730,29.2,neutral,0.7591160535812378,0.7084629535675049,0.8871021866798401,0.45,True
731,29.24,neutral,0.7662234902381897,0.7128764390945435,0.8877143263816833,0.41,True
732,29.28,neutral,0.7720154523849487,0.7174766063690186,0.8878427743911743,0.38,True
733,29.32,neutral,0.771073043346405,0.7162771821022034,0.887236475944519,0.35,True
734,29.36,neutral,0.7694677710533142,0.7142552733421326,0.8866928219795227,0.32,True
735,29.4,neutral,0.769809901714325,0.7128138542175293,0.8867504000663757,0.29,True
736,29.44,neutral,0.7691833972930908,0.7049810290336609,0.8869086503982544,0.27,True
737,29.48,neutral,0.7528658509254456,0.695780873298645,0.887492835521698,0.25,True
738,29.52,neutral,0.7503377795219421,0.6855582594871521,0.8845978379249573,0.25,True
739,29.56,neutral,0.7306566834449768,0.679446280002594,0.8836796283721924,0.23,True
740,29.6,neutral,0.731962263584137,0.6736665368080139,0.8808863759040833,0.22,True
741,29.64,neutral,0.7278060913085938,0.6674292087554932,0.8800081014633179,0.21,True
742,29.68,neutral,0.726230263710022,0.6624386310577393,0.879667341709137,0.2,True
743,29.72,neutral,0.7243039608001709,0.659227728843689,0.8805629014968872,0.19,True
744,29.76,neutral,0.719817042350769,0.6537523865699768,0.8757135272026062,0.19,True
745,29.8,neutral,0.7238755822181702,0.6528695225715637,0.8673756122589111,0.19,True
746,29.84,neutral,0.7180473804473877,0.6535284519195557,0.8637105822563171,0.19,True
747,29.88,neutral,0.7209045886993408,0.6522908210754395,0.8612009882926941,0.19,True
748,29.92,neutral,0.7237684726715088,0.6525194644927979,0.8600587248802185,0.22,True
749,29.96,neutral,0.7222557067871094,0.6526910662651062,0.8610741496086121,0.22,True
750,30.0,neutral,0.723125696182251,0.6539208889007568,0.862860381603241,0.24,True
751,30.04,neutral,0.7235286831855774,0.653640627861023,0.8631364107131958,0.25,True
752,30.08,neutral,0.7240447998046875,0.6536259651184082,0.8635740876197815,0.29,True
753,30.12,neutral,0.7254205346107483,0.6529598236083984,0.8638873100280762,0.31,True
754,30.16,neutral,0.727088451385498,0.6522144675254822,0.8640041947364807,0.34,True
755,30.2,neutral,0.7292903661727905,0.6519536375999451,0.863857090473175,0.37,True
756,30.24,neutral,0.7291805148124695,0.6512050032615662,0.8635135889053345,0.42,True
757,30.28,neutral,0.7275558710098267,0.650370180606842,0.8632069826126099,0.47,True
758,30.32,neutral,0.720702052116394,0.64834064245224,0.8639050126075745,0.5,False
759,30.36,neutral,0.7194851040840149,0.647505521774292,0.8654108047485352,0.53,False
760,30.4,neutral,0.7156660556793213,0.6467194557189941,0.8584507703781128,0.56,False
761,30.44,neutral,0.7162192463874817,0.6446211338043213,0.8595888614654541,0.58,False
762,30.48,neutral,0.716688334941864,0.6434177756309509,0.8603141903877258,0.61,False
763,30.52,neutral,0.7171813249588013,0.641974925994873,0.8607263565063477,0.64,False
764,30.56,neutral,0.717583417892456,0.6417113542556763,0.8602110147476196,0.67,False
765,30.6,neutral,0.7172768115997314,0.6373976469039917,0.8559575080871582,0.7,False
766,30.64,neutral,0.7173529863357544,0.6362025737762451,0.8433888554573059,0.72,False
767,30.68,neutral,0.7163983583450317,0.6339146494865417,0.8456903696060181,0.74,False
768,30.72,neutral,0.7132771015167236,0.632099449634552,0.8401130437850952,0.74,False
769,30.76,neutral,0.7111274003982544,0.6288754940032959,0.8359423279762268,0.72,False
770,30.8,neutral,0.7066692113876343,0.6272148489952087,0.8304626941680908,0.69,False
771,30.84,neutral,0.7001392245292664,0.6254031658172607,0.8323473930358887,0.64,False
772,30.88,neutral,0.7040517330169678,0.6256309747695923,0.8311307430267334,0.65,False
773,30.92,neutral,0.7057003974914551,0.6254453659057617,0.8325788974761963,0.64,False
774,30.96,neutral,0.7065860033035278,0.6258407831192017,0.8317005634307861,0.64,False
775,31.0,neutral,0.7066627144813538,0.626368522644043,0.830586850643158,0.64,False
776,31.04,neutral,0.7070164680480957,0.6292531490325928,0.8298488855361938,0.64,False
777,31.08,neutral,0.7077886462211609,0.6342683434486389,0.829359769821167,0.6,False
778,31.12,neutral,0.7075268626213074,0.635964572429657,0.8287355303764343,0.57,False
779,31.16,neutral,0.7075541019439697,0.6360228061676025,0.8256651759147644,0.57,False
780,31.2,neutral,0.7076584100723267,0.6359231472015381,0.8249890208244324,0.57,False
781,31.24,neutral,0.7045233249664307,0.6344465613365173,0.8235359787940979,0.57,False
782,31.28,neutral,0.700366199016571,0.6325114965438843,0.8237133622169495,0.58,False
783,31.32,neutral,0.700070321559906,0.6313250660896301,0.8233479857444763,0.59,False
784,31.36,neutral,0.697043776512146,0.6307651996612549,0.8239679336547852,0.59,False
785,31.4,neutral,0.695568323135376,0.6309078335762024,0.8256979584693909,0.6,False
786,31.44,neutral,0.6969623565673828,0.6308252215385437,0.825830340385437,0.61,False
787,31.48,neutral,0.6978997588157654,0.6312195658683777,0.8252861499786377,0.63,False
788,31.52,neutral,0.6981931924819946,0.6313775777816772,0.8249847888946533,0.64,False
789,31.56,neutral,0.6971046328544617,0.632621705532074,0.8251053094863892,0.61,False
790,31.6,neutral,0.6960767507553101,0.632615327835083,0.8240030407905579,0.61,False
791,31.64,neutral,0.6930058002471924,0.6318360567092896,0.822529673576355,0.6,False
792,31.68,neutral,0.69332355260849,0.6296913027763367,0.8227872252464294,0.62,False
793,31.72,neutral,0.6921576261520386,0.6298602819442749,0.8225891590118408,0.61,False
794,31.76,neutral,0.6941983699798584,0.6299700140953064,0.8200425505638123,0.59,False
795,31.8,neutral,0.6936473846435547,0.6295337080955505,0.8164224624633789,0.55,False
796,31.84,neutral,0.6959431171417236,0.6298954486846924,0.8163318634033203,0.54,False
797,31.88,neutral,0.697349488735199,0.6347249150276184,0.8179783821105957,0.52,False
798,31.92,neutral,0.7023760080337524,0.6396467685699463,0.8235111236572266,0.51,False
799,31.96,neutral,0.7060508728027344,0.6413371562957764,0.8239803910255432,0.48,True
800,32.0,neutral,0.7181881666183472,0.6441205739974976,0.8245199918746948,0.47,True
801,32.04,neutral,0.7246212363243103,0.6458266973495483,0.8232408165931702,0.48,True
802,32.08,neutral,0.7225953936576843,0.6447317600250244,0.8219823837280273,0.49,True
803,32.12,neutral,0.723130464553833,0.6445814967155457,0.8214195966720581,0.51,False
804,32.16,neutral,0.7241048216819763,0.6437062621116638,0.8213130831718445,0.52,False
805,32.2,neutral,0.7232251167297363,0.6435018181800842,0.8212714791297913,0.52,False
806,32.24,neutral,0.710473358631134,0.6416386961936951,0.8244132995605469,0.53,False
807,32.28,neutral,0.7059126496315002,0.6412160396575928,0.829441487789154,0.52,False
808,32.32,neutral,0.6433284878730774,0.6396138072013855,0.8281906247138977,0.48,True
809,32.36,neutral,0.6784541606903076,0.6349250674247742,0.8053644895553589,0.46,True
810,32.4,neutral,0.6811192035675049,0.6264550089836121,0.811517059803009,0.45,True
811,32.44,neutral,0.6629350185394287,0.6243887543678284,0.8073213696479797,0.43,True
812,32.48,neutral,0.6686157584190369,0.6233313083648682,0.8109076023101807,0.4,True
813,32.52,neutral,0.6764247417449951,0.6256989240646362,0.8258708119392395,0.38,True
814,32.56,neutral,0.6792322397232056,0.6270458698272705,0.8376354575157166,0.35,True
815,32.6,neutral,0.679732620716095,0.6334836483001709,0.8415016531944275,0.33,True
816,32.64,neutral,0.6894930005073547,0.6362456679344177,0.8443982005119324,0.32,True
817,32.68,neutral,0.6939250826835632,0.6382160186767578,0.8448154926300049,0.3,True
818,32.72,neutral,0.6957039833068848,0.6392280459403992,0.8481268882751465,0.27,True
819,32.76,neutral,0.701878547668457,0.6423413753509521,0.8469609022140503,0.25,True
820,32.8,neutral,0.7007767558097839,0.645013153553009,0.8454263210296631,0.23,True
821,32.84,neutral,0.6986429691314697,0.6468467712402344,0.8440618515014648,0.21,True
822,32.88,neutral,0.7028876543045044,0.6496760845184326,0.8431845307350159,0.19,True
823,32.92,neutral,0.7048248648643494,0.6518399715423584,0.8428495526313782,0.17,True
824,32.96,neutral,0.7051662802696228,0.6524273753166199,0.8425933122634888,0.16,True
825,33.0,neutral,0.7126975059509277,0.6510510444641113,0.8419849872589111,0.15,True
826,33.04,neutral,0.7119953036308289,0.6505257487297058,0.8418923020362854,0.15,True
827,33.08,neutral,0.7249453067779541,0.6502965092658997,0.8424538373947144,0.15,True
828,33.12,neutral,0.7263157963752747,0.6498777866363525,0.8436684608459473,0.21,True
829,33.16,neutral,0.7231387495994568,0.6497923731803894,0.8436774015426636,0.27,True
830,33.2,neutral,0.7195188403129578,0.6431398391723633,0.8413355946540833,0.33,True
831,33.24,neutral,0.7183849215507507,0.6397414207458496,0.8400094509124756,0.39,True
832,33.28,neutral,0.7174447774887085,0.6366576552391052,0.8361660838127136,0.44,True
833,33.32,neutral,0.7168751955032349,0.6352083086967468,0.8319841027259827,0.49,True
834,33.36,neutral,0.7167174816131592,0.6362107992172241,0.8303316831588745,0.54,False
835,33.4,neutral,0.7195362448692322,0.6362716555595398,0.8263202905654907,0.58,False
836,33.44,neutral,0.7235664129257202,0.6381403803825378,0.8284727334976196,0.62,False
837,33.48,neutral,0.7288726568222046,0.6438955068588257,0.8284096717834473,0.65,False
838,33.52,neutral,0.7300850749015808,0.6485106945037842,0.8287985324859619,0.69,False
839,33.56,neutral,0.7333648204803467,0.6503165364265442,0.8309276103973389,0.72,False
840,33.6,neutral,0.7345898151397705,0.6506114602088928,0.8271176815032959,0.74,False
841,33.64,neutral,0.7341638803482056,0.6488426923751831,0.8264225125312805,0.77,False
842,33.68,neutral,0.732717752456665,0.6457442045211792,0.8269954919815063,0.79,False
843,33.72,neutral,0.7303125858306885,0.6433454155921936,0.8193070292472839,0.81,False
844,33.76,neutral,0.7186300754547119,0.6388278007507324,0.8088449835777283,0.82,False
845,33.8,neutral,0.7027872204780579,0.6358166337013245,0.8116754293441772,0.76,False
846,33.84,neutral,0.6553890705108643,0.6226592063903809,0.8078084588050842,0.69,False
847,33.88,neutral,0.6321231722831726,0.6103410720825195,0.8033953905105591,0.62,False
848,33.92,neutral,0.6145908236503601,0.5998843312263489,0.7900556325912476,0.56,False
849,33.96,neutral,0.6305399537086487,0.5962270498275757,0.7775067090988159,0.51,False
850,34.0,neutral,0.6428950428962708,0.588519811630249,0.7744290232658386,0.47,True
851,34.04,neutral,0.6274463534355164,0.5795865058898926,0.7578796744346619,0.46,True
852,34.08,neutral,0.6399510502815247,0.5768906474113464,0.7528159618377686,0.47,True
853,34.12,neutral,0.6101939678192139,0.5742831826210022,0.7428971529006958,0.48,True
854,34.16,neutral,0.599153459072113,0.5650784969329834,0.7335950136184692,0.47,True
855,34.2,neutral,0.5347386002540588,0.5552587509155273,0.711839497089386,0.48,True
856,34.24,neutral,0.5554485321044922,0.5455978512763977,0.7098008990287781,0.45,True
857,34.28,neutral,0.5578169226646423,0.5425140261650085,0.6745713353157043,0.41,True
858,34.32,neutral,0.5689942836761475,0.5385417938232422,0.6782616972923279,0.38,True
859,34.36,neutral,0.5093747973442078,0.5335500240325928,0.6628780364990234,0.4,True
860,34.4,neutral,0.5396836996078491,0.5295723080635071,0.6840896606445312,0.41,True
861,34.44,neutral,0.5267942547798157,0.5285665392875671,0.6684665083885193,0.41,True
862,34.48,neutral,0.568172037601471,0.5303066968917847,0.6642372012138367,0.41,True
863,34.52,neutral,0.49791887402534485,0.5026295781135559,0.6658706068992615,0.43,True
864,34.56,neutral,0.5788280963897705,0.5144650936126709,0.6641249656677246,0.47,True
865,34.6,neutral,0.5694587230682373,0.5057461261749268,0.6615538001060486,0.47,True
866,34.64,neutral,0.46785008907318115,0.48633861541748047,0.656970202922821,0.51,False
867,34.68,neutral,0.4530700445175171,0.4602598547935486,0.6480933427810669,0.51,False
868,34.72,neutral,0.4029998183250427,0.44287580251693726,0.6287351250648499,0.55,False
869,34.76,neutral,0.4412042498588562,0.43818360567092896,0.6200811862945557,0.56,False
870,34.8,neutral,0.37326952815055847,0.4083334803581238,0.5812341570854187,0.6,False
883,35.32,neutral,0.7138867974281311,0.6971076130867004,0.8828911185264587,0.56,False
884,35.36,neutral,0.7393742799758911,0.7038231492042542,0.8858468532562256,0.56,False
885,35.4,neutral,0.789093017578125,0.7106615304946899,0.8872889280319214,0.55,False
886,35.44,neutral,0.7791814208030701,0.7129837870597839,0.8879839777946472,0.53,False
887,35.48,neutral,0.7954471111297607,0.712821364402771,0.8879349231719971,0.56,False
888,35.52,neutral,0.7991960048675537,0.7143183350563049,0.8876986503601074,0.59,False
889,35.56,neutral,0.7986758947372437,0.7145665884017944,0.8877905011177063,0.63,False
890,35.6,neutral,0.7569018602371216,0.7130557298660278,0.8848912119865417,0.63,False
891,35.64,neutral,0.7875560522079468,0.7122714519500732,0.8851014971733093,0.64,False
892,35.68,neutral,0.7906938195228577,0.7117831110954285,0.8852605223655701,0.65,False
893,35.72,neutral,0.7915803790092468,0.7108227610588074,0.885498583316803,0.65,False
894,35.76,neutral,0.7923082113265991,0.7088592648506165,0.8855062127113342,0.66,False
895,35.8,neutral,0.7891537547111511,0.7063998579978943,0.8856070041656494,0.65,False
896,35.84,neutral,0.78834468126297,0.7033990621566772,0.8869394063949585,0.64,False
897,35.88,neutral,0.7850728034973145,0.702032208442688,0.88802170753479,0.62,False
898,35.92,neutral,0.7845087647438049,0.6995013356208801,0.8892651796340942,0.61,False
899,35.96,neutral,0.7800647616386414,0.6973403692245483,0.8842533230781555,0.58,False
900,36.0,neutral,0.7758879065513611,0.6911577582359314,0.8838106989860535,0.57,False
901,36.04,neutral,0.7706705331802368,0.6881132125854492,0.8827911615371704,0.55,False
902,36.08,neutral,0.7693048119544983,0.6825947165489197,0.8741557598114014,0.57,False
903,36.12,neutral,0.7672662138938904,0.6779913306236267,0.8734992146492004,0.58,False
904,36.16,neutral,0.7598780393600464,0.6753313541412354,0.8585126399993896,0.6,False
905,36.2,neutral,0.7550604939460754,0.668492317199707,0.855539083480835,0.63,False
906,36.24,neutral,0.7487895488739014,0.6633875370025635,0.8550825715065002,0.65,False
907,36.28,neutral,0.744840145111084,0.6634689569473267,0.8451370000839233,0.65,False
908,36.32,neutral,0.7405456900596619,0.6631343364715576,0.848041832447052,0.66,False
909,36.36,neutral,0.7422982454299927,0.6635483503341675,0.832560122013092,0.66,False
910,36.4,neutral,0.7432770729064941,0.6640729904174805,0.8329592347145081,0.69,False
911,36.44,neutral,0.7426728010177612,0.6623693108558655,0.8510541319847107,0.71,False
912,36.48,neutral,0.7406094074249268,0.6591407656669617,0.8306365609169006,0.73,False
913,36.52,neutral,0.7351172566413879,0.6538974642753601,0.8165311813354492,0.75,False
914,36.56,neutral,0.7255691885948181,0.6504442691802979,0.8231823444366455,0.77,False
915,36.6,neutral,0.7162231802940369,0.6439793705940247,0.8179733157157898,0.77,False
916,36.64,neutral,0.7098543643951416,0.6393831968307495,0.8214364051818848,0.79,False
917,36.68,neutral,0.7017531394958496,0.6339611411094666,0.8216168880462646,0.79,False
918,36.72,neutral,0.6858189702033997,0.6290227770805359,0.8190456628799438,0.78,False
919,36.76,neutral,0.6830316781997681,0.6252068281173706,0.8165692090988159,0.76,False
920,36.8,neutral,0.678188145160675,0.6223827004432678,0.8190778493881226,0.75,False
921,36.84,neutral,0.6713526248931885,0.6203308701515198,0.8165438771247864,0.72,False
922,36.88,neutral,0.6708112359046936,0.6199747323989868,0.812620222568512,0.7,False
923,36.92,neutral,0.6690303683280945,0.6175388693809509,0.8029403686523438,0.68,False
924,36.96,neutral,0.6696279644966125,0.6130923628807068,0.7925882935523987,0.69,False
925,37.0,neutral,0.6697885990142822,0.6101271510124207,0.7844796180725098,0.69,False
926,37.04,neutral,0.673622190952301,0.6057558655738831,0.7869165539741516,0.7,False
927,37.08,neutral,0.6726610660552979,0.6011395454406738,0.7778222560882568,0.71,False
928,37.12,neutral,0.6709136366844177,0.5965906977653503,0.7744133472442627,0.7,False
929,37.16,neutral,0.6660162806510925,0.594794511795044,0.772172212600708,0.65,False
930,37.2,neutral,0.6696460843086243,0.59303879737854,0.7754851579666138,0.67,False
931,37.24,neutral,0.6701341867446899,0.5934933423995972,0.7769851684570312,0.68,False
932,37.28,neutral,0.6702135801315308,0.5946916937828064,0.770831286907196,0.69,False
933,37.32,neutral,0.6704098582267761,0.5943801403045654,0.7655942440032959,0.7,False
934,37.36,neutral,0.652299165725708,0.5944645404815674,0.7484344840049744,0.63,False
935,37.4,neutral,0.6557134985923767,0.5944274067878723,0.7456710338592529,0.65,False
936,37.44,neutral,0.6595770120620728,0.5929937958717346,0.7463733553886414,0.62,False
937,37.48,neutral,0.6582241654396057,0.5890294313430786,0.747189998626709,0.61,False
938,37.52,neutral,0.6499714851379395,0.5861850380897522,0.7473841309547424,0.58,False
939,37.56,neutral,0.5997732281684875,0.5836969017982483,0.7467966675758362,0.53,False
940,37.6,neutral,0.611221194267273,0.5811350345611572,0.7469658255577087,0.53,False
941,37.64,neutral,0.628828763961792,0.5827381610870361,0.7402195334434509,0.56,False
942,37.68,neutral,0.5957183241844177,0.5755993127822876,0.7408859729766846,0.59,False
943,37.72,neutral,0.6094685792922974,0.5797087550163269,0.7443194389343262,0.6,False
944,37.76,neutral,0.6128219366073608,0.5797100067138672,0.7404054403305054,0.61,False
945,37.8,neutral,0.6324884295463562,0.5802767872810364,0.7410035133361816,0.62,False
946,37.84,neutral,0.6375010013580322,0.5834540724754333,0.7410364151000977,0.65,False
947,37.88,neutral,0.6411992907524109,0.5853292942047119,0.7367534041404724,0.68,False
948,37.92,neutral,0.641986608505249,0.5912282466888428,0.7370049953460693,0.7,False
949,37.96,neutral,0.6392614245414734,0.592980682849884,0.7387622594833374,0.71,False
950,38.0,neutral,0.6523677706718445,0.5970995426177979,0.7401425838470459,0.73,False
951,38.04,neutral,0.6471326351165771,0.5966672897338867,0.7409617304801941,0.74,False
952,38.08,neutral,0.6567266583442688,0.5961744785308838,0.7413828372955322,0.76,False
953,38.12,neutral,0.6595461368560791,0.5992060303688049,0.7418510317802429,0.77,False
954,38.16,neutral,0.6348296999931335,0.5976079702377319,0.7419979572296143,0.78,False
955,38.2,neutral,0.6017404198646545,0.5969336628913879,0.7420285940170288,0.8,False
956,38.24,neutral,0.609577476978302,0.5972071886062622,0.7420737743377686,0.82,False
957,38.28,neutral,0.615092396736145,0.6023263931274414,0.7410376071929932,0.82,False
959,38.36,Angriff,0.4084334969520569,0.4202221632003784,0.6978312730789185,0.79,False
960,38.4,neutral,0.5001088380813599,0.4202686548233032,0.6924839019775391,0.79,False
961,38.44,Angriff,0.40363609790802,0.42312052845954895,0.6920978426933289,0.8,False
962,38.48,neutral,0.5020084381103516,0.46805340051651,0.7036643028259277,0.76,False
963,38.52,neutral,0.5142418146133423,0.47259944677352905,0.7082726359367371,0.73,False
964,38.56,neutral,0.5577523708343506,0.4647025465965271,0.7071192264556885,0.74,False
965,38.6,neutral,0.5747575759887695,0.4916747510433197,0.706328272819519,0.73,False
966,38.64,neutral,0.5807153582572937,0.5105791687965393,0.7049304246902466,0.71,False
967,38.68,neutral,0.5974991321563721,0.5386610627174377,0.7060039639472961,0.66,False
968,38.72,neutral,0.607111930847168,0.5459886193275452,0.71675705909729,0.64,False
969,38.76,neutral,0.6128073930740356,0.5478255152702332,0.7209617495536804,0.64,False
970,38.8,neutral,0.6181359887123108,0.5546981692314148,0.723007082939148,0.65,False
971,38.84,neutral,0.6165497899055481,0.5560799241065979,0.724573016166687,0.65,False
972,38.88,neutral,0.6190770864486694,0.5583336353302002,0.7252213358879089,0.66,False
973,38.92,neutral,0.6196635365486145,0.5585176348686218,0.7261972427368164,0.66,False
974,38.96,neutral,0.6221535205841064,0.5573862791061401,0.724529504776001,0.66,False
975,39.0,neutral,0.6192830801010132,0.5508557558059692,0.7233866453170776,0.65,False
976,39.04,neutral,0.612952709197998,0.5493147373199463,0.7229663729667664,0.6,False
977,39.08,neutral,0.6138975620269775,0.5497692823410034,0.7228624820709229,0.55,False
978,39.12,neutral,0.6149522066116333,0.5491127967834473,0.7225508689880371,0.52,False
979,39.16,neutral,0.6145449280738831,0.5478717088699341,0.7219305038452148,0.49,True
980,39.2,neutral,0.6181516051292419,0.5491548776626587,0.7210730314254761,0.5,True
981,39.24,neutral,0.6155269145965576,0.5549836754798889,0.7208510637283325,0.46,True
982,39.28,neutral,0.6146984100341797,0.5584769248962402,0.7250546813011169,0.42,True
983,39.32,neutral,0.6111403107643127,0.5606286525726318,0.7311542630195618,0.38,True
984,39.36,neutral,0.580522894859314,0.5615342259407043,0.7334206700325012,0.36,True
985,39.4,neutral,0.5673264265060425,0.5591403245925903,0.7335178256034851,0.35,True
986,39.44,neutral,0.564240574836731,0.5586382746696472,0.7309474945068359,0.33,True
987,39.48,neutral,0.5600955486297607,0.5556191802024841,0.7233267426490784,0.32,True
988,39.52,neutral,0.6132503151893616,0.557963490486145,0.716002881526947,0.29,True
989,39.56,neutral,0.6103512644767761,0.5581045746803284,0.7050535678863525,0.28,True
990,39.6,neutral,0.6065536737442017,0.554477870464325,0.6939175724983215,0.28,True
991,39.64,neutral,0.6024678945541382,0.5643959045410156,0.6965364813804626,0.33,True
992,39.68,neutral,0.6004930138587952,0.5390880703926086,0.69057297706604,0.31,True
993,39.72,neutral,0.582048237323761,0.5340786576271057,0.6906245350837708,0.3,True
994,39.76,neutral,0.598116397857666,0.5467309355735779,0.6894341111183167,0.29,True
995,39.8,neutral,0.597093403339386,0.5473330616950989,0.668136477470398,0.28,True
996,39.84,neutral,0.5969207286834717,0.5476162433624268,0.6657654047012329,0.27,True
997,39.88,neutral,0.5226249098777771,0.5464062690734863,0.6632224321365356,0.26,True
998,39.92,neutral,0.5528888702392578,0.5486273765563965,0.6632060408592224,0.26,True
999,39.96,neutral,0.6082624197006226,0.5668912529945374,0.6656441688537598,0.26,True
1000,40.0,neutral,0.6073236465454102,0.564850389957428,0.6615931987762451,0.25,True
1001,40.04,neutral,0.5993659496307373,0.5643791556358337,0.6658856868743896,0.23,True
1002,40.08,neutral,0.5977619290351868,0.5652797222137451,0.6680086255073547,0.28,True
1003,40.12,neutral,0.6036360859870911,0.563126266002655,0.6636967658996582,0.28,True
1004,40.16,neutral,0.6090330481529236,0.5619364380836487,0.6627321243286133,0.27,True
1005,40.2,neutral,0.6039739847183228,0.5532131791114807,0.6637780666351318,0.26,True
1006,40.24,neutral,0.6010148525238037,0.554054319858551,0.6654200553894043,0.25,True
1007,40.28,neutral,0.6025307178497314,0.5519955158233643,0.6650258898735046,0.25,True
1008,40.32,neutral,0.5479304790496826,0.5405887961387634,0.6726646423339844,0.29,True
1011,40.44,neutral,0.6268471479415894,0.6352537870407104,0.8721475005149841,0.3,True
1012,40.48,neutral,0.6900057196617126,0.6507347226142883,0.8740624189376831,0.33,True
1013,40.52,neutral,0.6987372636795044,0.6536850333213806,0.87412428855896,0.36,True
1014,40.56,neutral,0.7033448815345764,0.654817521572113,0.8741245865821838,0.35,True
1015,40.6,neutral,0.6992615461349487,0.6558301448822021,0.8750808238983154,0.34,True
1016,40.64,neutral,0.7281544208526611,0.6601392030715942,0.8760877251625061,0.32,True
1017,40.68,neutral,0.7437168955802917,0.6654509902000427,0.8852428793907166,0.32,True
1018,40.72,neutral,0.7315080165863037,0.668907105922699,0.8849883079528809,0.3,True
1019,40.76,neutral,0.7420532703399658,0.6680233478546143,0.8882827162742615,0.29,True
1020,40.8,neutral,0.7245966196060181,0.6676061153411865,0.8905210494995117,0.26,True
1021,40.84,neutral,0.7219026684761047,0.6653841137886047,0.8880883455276489,0.25,True
1022,40.88,neutral,0.6794406175613403,0.6624302864074707,0.887934684753418,0.23,True
1023,40.92,neutral,0.7017219066619873,0.6506073474884033,0.8751339912414551,0.24,True
1024,40.96,neutral,0.7342414259910583,0.6489431858062744,0.8610662221908569,0.3,True
1025,41.0,neutral,0.7352497577667236,0.6489368677139282,0.8495232462882996,0.36,True
1026,41.04,neutral,0.732139527797699,0.645024836063385,0.832045316696167,0.42,True
1027,41.08,neutral,0.7273591756820679,0.642293393611908,0.8268293738365173,0.48,True
1028,41.12,neutral,0.725228488445282,0.6435089707374573,0.8253739476203918,0.52,False
1029,41.16,neutral,0.7240598201751709,0.6447241306304932,0.817816436290741,0.57,False
1030,41.2,neutral,0.7238538265228271,0.645419180393219,0.8151272535324097,0.61,False
1031,41.24,neutral,0.7203875780105591,0.6456849575042725,0.8159354329109192,0.64,False
1032,41.28,neutral,0.7175888419151306,0.6446537375450134,0.8245633244514465,0.65,False
1033,41.32,neutral,0.6792364716529846,0.6333383321762085,0.8221616744995117,0.62,False
1034,41.36,neutral,0.6565597057342529,0.6241999864578247,0.8163502216339111,0.62,False
1035,41.4,neutral,0.6620967388153076,0.6206265687942505,0.8169285655021667,0.63,False
1036,41.44,neutral,0.6577478051185608,0.6123210787773132,0.8091718554496765,0.65,False
1037,41.48,neutral,0.6692256331443787,0.6050798296928406,0.8068802952766418,0.66,False
1038,41.52,neutral,0.6649690270423889,0.5954523086547852,0.8021499514579773,0.69,False
1039,41.56,neutral,0.6681291460990906,0.59496009349823,0.7995247840881348,0.72,False
1040,41.6,neutral,0.6476917266845703,0.5823485255241394,0.7997279763221741,0.73,False
1041,41.64,neutral,0.6106438636779785,0.5793276429176331,0.8015938997268677,0.74,False
1042,41.68,neutral,0.6409778594970703,0.5876199007034302,0.8014794588088989,0.73,False
1043,41.72,neutral,0.6466667652130127,0.5861843228340149,0.798561155796051,0.74,False
1044,41.76,neutral,0.6338484883308411,0.5529382824897766,0.7929232120513916,0.74,False
1045,41.8,neutral,0.6295773386955261,0.540991485118866,0.7836921215057373,0.74,False
1046,41.84,neutral,0.5669053196907043,0.5151845812797546,0.7811941504478455,0.71,False
1047,41.88,neutral,0.5498754978179932,0.5169715881347656,0.776445746421814,0.72,False
1048,41.92,neutral,0.5428833961486816,0.503827691078186,0.7606623768806458,0.69,False
1049,41.96,neutral,0.5810535550117493,0.5305188894271851,0.7697378396987915,0.69,False
1050,42.0,neutral,0.5246825218200684,0.5041349530220032,0.740585446357727,0.66,False
1060,42.4,neutral,0.54054194688797,0.4896790087223053,0.7910692691802979,0.61,False
1061,42.44,neutral,0.43412014842033386,0.4871557950973511,0.7889106869697571,0.6,False
1062,42.48,neutral,0.5517580509185791,0.4872007966041565,0.7860921025276184,0.56,False
1068,42.72,neutral,0.5519008040428162,0.5143791437149048,0.6896570324897766,0.52,False
1069,42.76,neutral,0.600609302520752,0.5244863629341125,0.6940281391143799,0.49,True
1070,42.8,neutral,0.6064600348472595,0.5316358208656311,0.6949796676635742,0.47,True
1071,42.84,neutral,0.6011680960655212,0.5339201092720032,0.695040762424469,0.44,True
1072,42.88,neutral,0.6057023406028748,0.533592164516449,0.6975715756416321,0.43,True
1073,42.92,neutral,0.5444055795669556,0.5335198044776917,0.6850165724754333,0.45,True
1074,42.96,neutral,0.5983724594116211,0.5385934710502625,0.6870100498199463,0.41,True
1075,43.0,neutral,0.6023626327514648,0.5422924757003784,0.6826953291893005,0.39,True
1076,43.04,neutral,0.6005358099937439,0.5496280193328857,0.6844757795333862,0.37,True
1077,43.08,neutral,0.5990171432495117,0.5508342981338501,0.6849097609519958,0.34,True
1078,43.12,neutral,0.598651111125946,0.551075279712677,0.6918034553527832,0.31,True
1079,43.16,neutral,0.6026152968406677,0.553011417388916,0.6900957226753235,0.3,True
1080,43.2,neutral,0.6094326376914978,0.5544548034667969,0.6890099048614502,0.31,True
1081,43.24,neutral,0.6104837656021118,0.551926851272583,0.6946042776107788,0.3,True
1082,43.28,neutral,0.6066958904266357,0.5508300065994263,0.6990411281585693,0.28,True
1083,43.32,neutral,0.6049896478652954,0.5489211678504944,0.6981797814369202,0.28,True
1084,43.36,neutral,0.5691742300987244,0.5425800681114197,0.6965972781181335,0.27,True
1085,43.4,neutral,0.5831105709075928,0.5415710806846619,0.6967490911483765,0.26,True
1086,43.44,neutral,0.5882017612457275,0.5408377051353455,0.6817939877510071,0.26,True
1087,43.48,neutral,0.600402295589447,0.5412800312042236,0.7129061818122864,0.25,True
1088,43.52,neutral,0.6031739711761475,0.5415191054344177,0.7088063955307007,0.24,True
1089,43.56,neutral,0.6122603416442871,0.5414411425590515,0.7057145237922668,0.24,True
1090,43.6,neutral,0.6111071109771729,0.543523907661438,0.7071564197540283,0.25,True
1091,43.64,neutral,0.609384298324585,0.5475581884384155,0.7089464664459229,0.26,True
1092,43.68,neutral,0.6145620942115784,0.5469838976860046,0.7120754718780518,0.29,True
1093,43.72,neutral,0.6184102892875671,0.5468468070030212,0.7221112251281738,0.32,True
1094,43.76,neutral,0.6218841075897217,0.5475415587425232,0.7252526879310608,0.34,True
1095,43.8,neutral,0.6180714964866638,0.5474356412887573,0.7255744934082031,0.32,True
1096,43.84,neutral,0.6162963509559631,0.5489486455917358,0.7288260459899902,0.32,True
1097,43.88,neutral,0.6042146682739258,0.5464817881584167,0.7260479927062988,0.3,True
1098,43.92,neutral,0.6054985523223877,0.5426100492477417,0.7235743999481201,0.29,True
1099,43.96,neutral,0.6038538813591003,0.5389068126678467,0.720508337020874,0.27,True
1100,44.0,neutral,0.6041696071624756,0.536776602268219,0.7201440930366516,0.25,True
1101,44.04,neutral,0.6046615839004517,0.5329792499542236,0.7125102281570435,0.25,True
1102,44.08,neutral,0.5993735194206238,0.5292468070983887,0.7115127444267273,0.24,True
1103,44.12,neutral,0.6052420139312744,0.5320031046867371,0.701923131942749,0.26,True
1104,44.16,neutral,0.6053521633148193,0.5331758856773376,0.6919766068458557,0.26,True
1105,44.2,neutral,0.6070950031280518,0.5394742488861084,0.682529866695404,0.25,True
1106,44.24,neutral,0.6088353991508484,0.5439288020133972,0.698176920413971,0.25,True
1107,44.28,neutral,0.6135339736938477,0.5462672114372253,0.6966432929039001,0.3,True
1108,44.32,neutral,0.6161177754402161,0.5482261776924133,0.6986767053604126,0.32,True
1109,44.36,neutral,0.6149375438690186,0.5470479130744934,0.6893622279167175,0.32,True
1110,44.4,neutral,0.614205002784729,0.5468280911445618,0.6902638077735901,0.32,True
1111,44.44,neutral,0.6053692698478699,0.5477311611175537,0.6887672543525696,0.31,True
1112,44.48,neutral,0.5903774499893188,0.5472571849822998,0.6919371485710144,0.29,True
1113,44.52,neutral,0.594414472579956,0.5473305583000183,0.6943919658660889,0.29,True
1114,44.56,neutral,0.5869143605232239,0.541789710521698,0.6992899179458618,0.28,True
1115,44.6,neutral,0.5901889204978943,0.5414796471595764,0.7030940651893616,0.29,True
1116,44.64,neutral,0.5936490893363953,0.5418442487716675,0.702221155166626,0.27,True
1117,44.68,neutral,0.58833909034729,0.541328489780426,0.7016660571098328,0.25,True
1118,44.72,neutral,0.5914250612258911,0.5384156703948975,0.7013263702392578,0.25,True
1119,44.76,neutral,0.5925406813621521,0.5374972820281982,0.7005263566970825,0.29,True
1120,44.8,neutral,0.593381941318512,0.5364348292350769,0.7004724740982056,0.28,True
1121,44.84,neutral,0.5869429707527161,0.534963071346283,0.7002658843994141,0.26,True
1122,44.88,neutral,0.5806929469108582,0.5341735482215881,0.6988730430603027,0.24,True
1123,44.92,neutral,0.5739858150482178,0.532696545124054,0.6970728039741516,0.22,True
1124,44.96,neutral,0.5594105124473572,0.5320368409156799,0.697204053401947,0.21,True
1125,45.0,neutral,0.5656588077545166,0.5305361747741699,0.6934502124786377,0.2,True
1126,45.04,neutral,0.5684473514556885,0.5295037627220154,0.692237913608551,0.18,True
1127,45.08,neutral,0.5695478320121765,0.5297634601593018,0.7048789858818054,0.17,True
1128,45.12,neutral,0.5693626403808594,0.5295677185058594,0.7001354694366455,0.16,True
1129,45.16,neutral,0.5725185871124268,0.5301295518875122,0.7001850605010986,0.15,True
1130,45.2,neutral,0.5734557509422302,0.5304269194602966,0.7020487785339355,0.13,True
1131,45.24,neutral,0.5736663341522217,0.5306723713874817,0.7001509070396423,0.13,True
1132,45.28,neutral,0.5739176273345947,0.5300138592720032,0.6999327540397644,0.12,True
1133,45.32,neutral,0.576125979423523,0.530138373374939,0.6991502642631531,0.11,True
1134,45.36,neutral,0.569258451461792,0.5302668809890747,0.6992210745811462,0.1,True
1135,45.4,neutral,0.5704654455184937,0.5304809808731079,0.699144721031189,0.09,True
1136,45.44,neutral,0.5780141353607178,0.5305919051170349,0.6990703344345093,0.09,True
1137,45.48,neutral,0.5836820006370544,0.5308598279953003,0.6988134980201721,0.08,True
1138,45.52,neutral,0.5839901566505432,0.5322853326797485,0.6988057494163513,0.08,True
1139,45.56,neutral,0.5831739902496338,0.5342070460319519,0.6990188360214233,0.07,True
1140,45.6,neutral,0.5828622579574585,0.5346248745918274,0.6991364359855652,0.07,True
1141,45.64,neutral,0.5858776569366455,0.5378409028053284,0.6991313099861145,0.07,True
1142,45.68,neutral,0.586995542049408,0.5401996970176697,0.6997602581977844,0.07,True
1143,45.72,neutral,0.589702844619751,0.5426457524299622,0.6985166072845459,0.07,True
1144,45.76,neutral,0.5908071994781494,0.5467046499252319,0.6971607804298401,0.08,True
1145,45.8,neutral,0.587074339389801,0.5489031672477722,0.6914702653884888,0.09,True
1146,45.84,neutral,0.5903770923614502,0.5484480261802673,0.6916055679321289,0.09,True
1147,45.88,neutral,0.5746142268180847,0.5507002472877502,0.6917679309844971,0.09,True
1148,45.92,neutral,0.5672571659088135,0.553412675857544,0.6929162740707397,0.09,True
1149,45.96,neutral,0.5681901574134827,0.5539267063140869,0.6930314898490906,0.08,True
1150,46.0,neutral,0.5910320281982422,0.5564128160476685,0.6934678554534912,0.09,True
1151,46.04,neutral,0.6010189056396484,0.5576653480529785,0.6947629451751709,0.09,True
1152,46.08,neutral,0.6231192946434021,0.5598846673965454,0.6934125423431396,0.1,True
1153,46.12,neutral,0.6213430166244507,0.557730495929718,0.6920645236968994,0.15,True
1154,46.16,neutral,0.6126019954681396,0.5573903322219849,0.6921882629394531,0.14,True
1155,46.2,neutral,0.6170518398284912,0.5570882558822632,0.6850299835205078,0.14,True
1156,46.24,neutral,0.6154301166534424,0.5554167032241821,0.6916010975837708,0.19,True
1157,46.28,neutral,0.6149228811264038,0.5527321696281433,0.6975898146629333,0.26,True
1158,46.32,neutral,0.6040195226669312,0.5477368831634521,0.6968843936920166,0.32,True
1159,46.36,neutral,0.6027465462684631,0.5448102355003357,0.6973502039909363,0.37,True
1160,46.4,neutral,0.6034343242645264,0.5459821224212646,0.7000420093536377,0.43,True
1161,46.44,neutral,0.6016468405723572,0.5464551448822021,0.6909756064414978,0.47,True
1162,46.48,neutral,0.6045037508010864,0.5500927567481995,0.6996287107467651,0.5,False
1163,46.52,neutral,0.6158726811408997,0.5533120632171631,0.7043843269348145,0.52,False
1164,46.56,neutral,0.6199458837509155,0.5590879321098328,0.7110112905502319,0.54,False
1165,46.6,neutral,0.6257951259613037,0.5665190815925598,0.7235643267631531,0.51,False
1166,46.64,neutral,0.6316321492195129,0.5741016864776611,0.7289698719978333,0.5,False
1167,46.68,neutral,0.6316575407981873,0.5766288638114929,0.7328937649726868,0.46,True
1168,46.72,neutral,0.6393988728523254,0.5797497034072876,0.7313694357872009,0.42,True
1169,46.76,neutral,0.6317631602287292,0.583024799823761,0.730956494808197,0.38,True
1170,46.8,neutral,0.6361983418464661,0.5866474509239197,0.7313854098320007,0.35,True
1171,46.84,neutral,0.6300351619720459,0.5897117257118225,0.7303788065910339,0.32,True
1172,46.88,neutral,0.6088906526565552,0.5910549759864807,0.730394721031189,0.29,True
1173,46.92,neutral,0.6351503729820251,0.5946007370948792,0.7287852764129639,0.3,True
1174,46.96,neutral,0.6361283659934998,0.598626971244812,0.7281608581542969,0.34,True
1175,47.0,neutral,0.6334288120269775,0.6036818623542786,0.7215332984924316,0.37,True
1176,47.04,neutral,0.6351625323295593,0.6018300652503967,0.7211380004882812,0.4,True
1177,47.08,neutral,0.5909698605537415,0.5880887508392334,0.7211161851882935,0.43,True
1178,47.12,neutral,0.5975286960601807,0.5789306163787842,0.7111226916313171,0.48,True
1179,47.16,neutral,0.6096591949462891,0.5799350738525391,0.7020490765571594,0.5,False
1180,47.2,neutral,0.6679184436798096,0.606478750705719,0.7107595801353455,0.55,False
1181,47.24,neutral,0.5789764523506165,0.6053116321563721,0.7051973938941956,0.56,False
1182,47.28,neutral,0.6635161638259888,0.6022503972053528,0.6873207688331604,0.6,False
1212,48.48,neutral,0.686095118522644,0.6432863473892212,0.767646849155426,0.62,False
1213,48.52,neutral,0.6860417723655701,0.6431309580802917,0.762597382068634,0.64,False
1214,48.56,neutral,0.6780894994735718,0.6445030570030212,0.7615790367126465,0.65,False
1215,48.6,neutral,0.6957967877388,0.6478952169418335,0.7615100145339966,0.66,False
1216,48.64,neutral,0.6895064115524292,0.6549763679504395,0.7616978287696838,0.66,False
1217,48.68,neutral,0.6915121674537659,0.6592501997947693,0.7697224020957947,0.66,False
1218,48.72,neutral,0.7104989886283875,0.6633350849151611,0.7798301577568054,0.66,False
1219,48.76,neutral,0.6596777439117432,0.6598560810089111,0.7994440793991089,0.66,False
1220,48.8,neutral,0.6612908840179443,0.6586311459541321,0.7880917191505432,0.69,False
1221,48.84,neutral,0.6598230004310608,0.6585181951522827,0.782604455947876,0.69,False
1222,48.88,neutral,0.6683682799339294,0.6590340733528137,0.8088510632514954,0.7,False
1223,48.92,neutral,0.6699823141098022,0.6590445041656494,0.8131769895553589,0.7,False
1224,48.96,neutral,0.6702247858047485,0.6589842438697815,0.8101202845573425,0.72,False
1225,49.0,neutral,0.6806440949440002,0.656380832195282,0.8090230822563171,0.71,False
1226,49.04,neutral,0.6861500144004822,0.6566708087921143,0.8044339418411255,0.7,False
1227,49.08,neutral,0.6933240294456482,0.658189058303833,0.8166601061820984,0.71,False
1228,49.12,neutral,0.6908344626426697,0.665734052658081,0.8180622458457947,0.71,False
1229,49.16,neutral,0.6885982751846313,0.6662368774414062,0.8301436901092529,0.69,False
1230,49.2,neutral,0.6872913837432861,0.680688738822937,0.8364270329475403,0.68,False
1231,49.24,neutral,0.6961439251899719,0.6815922260284424,0.8426524996757507,0.64,False
1232,49.28,neutral,0.7322630286216736,0.6826155185699463,0.8516875505447388,0.62,False
1233,49.32,neutral,0.7317336797714233,0.6922199726104736,0.8408988118171692,0.64,False
1234,49.36,neutral,0.7120827436447144,0.6984886527061462,0.8763989806175232,0.64,False
1235,49.4,neutral,0.7053082585334778,0.7108170986175537,0.8323996067047119,0.66,False
1236,49.44,neutral,0.7027226090431213,0.7178483009338379,0.8859439492225647,0.69,False
1237,49.48,Aufschlag,0.7228578329086304,0.7259886264801025,0.8928602933883667,0.71,False
1238,49.52,neutral,0.71605384349823,0.7138845920562744,0.8848554491996765,0.7,False
1239,49.56,neutral,0.7181349396705627,0.7281888127326965,0.8901033401489258,0.68,False
1240,49.6,neutral,0.7854808568954468,0.73597252368927,0.9149962663650513,0.68,False
1241,49.64,neutral,0.7463243007659912,0.7279245257377625,0.9255702495574951,0.71,False
1242,49.68,Aufschlag,0.7363894581794739,0.7474520206451416,0.9331524968147278,0.73,False
1243,49.72,Aufschlag,0.734402596950531,0.7536686658859253,0.9410580396652222,0.75,False
1244,49.76,Aufschlag,0.7603291273117065,0.7612712979316711,0.9473927021026611,0.76,False
1245,49.8,neutral,0.7821707725524902,0.7694768309593201,0.9467190504074097,0.75,False
1246,49.84,Aufschlag,0.7743309736251831,0.7796230912208557,0.9484069347381592,0.76,False
1247,49.88,neutral,0.8286857604980469,0.7922471165657043,0.9547831416130066,0.75,False
1248,49.92,neutral,0.8405889868736267,0.7958678603172302,0.9589241743087769,0.75,False
1249,49.96,neutral,0.8075593113899231,0.7957398295402527,0.9603865742683411,0.77,False
1250,50.0,neutral,0.7952026128768921,0.7919054627418518,0.953059196472168,0.79,False
1251,50.04,neutral,0.8419365286827087,0.7858797311782837,0.9502912163734436,0.8,False
1252,50.08,neutral,0.8429152965545654,0.7870213389396667,0.9452252984046936,0.78,False
1253,50.12,neutral,0.8311155438423157,0.7791994214057922,0.9536289572715759,0.79,False
1254,50.16,neutral,0.7992166876792908,0.7784460186958313,0.9485430121421814,0.8,False
1255,50.2,neutral,0.8357332348823547,0.7757341265678406,0.9475683569908142,0.79,False
1256,50.24,Aufschlag,0.7530414462089539,0.7747498154640198,0.9475220441818237,0.8,False
1257,50.28,Aufschlag,0.7428417801856995,0.7748602628707886,0.9484966993331909,0.81,False
1258,50.32,Aufschlag,0.7474052906036377,0.7711172103881836,0.960852861404419,0.82,False
1259,50.36,neutral,0.8359081745147705,0.7770325541496277,0.9647958278656006,0.83,False
1260,50.4,neutral,0.836452841758728,0.7723446488380432,0.9646230340003967,0.84,False
1261,50.44,neutral,0.8372442126274109,0.7626661658287048,0.9500423073768616,0.83,False
1262,50.48,neutral,0.8428798913955688,0.7602217793464661,0.9500713348388672,0.84,False
1263,50.52,neutral,0.8283535242080688,0.7522359490394592,0.95004802942276,0.79,False
1264,50.56,neutral,0.828331708908081,0.7505661845207214,0.9542311429977417,0.76,False
1265,50.6,neutral,0.8086371421813965,0.7445979118347168,0.9538300037384033,0.71,False
1266,50.64,neutral,0.7697588205337524,0.7407333254814148,0.9531859159469604,0.66,False
1267,50.68,neutral,0.7877025604248047,0.7404050827026367,0.9529116153717041,0.66,False
1268,50.72,neutral,0.8122917413711548,0.7356181740760803,0.9461719989776611,0.66,False
1269,50.76,neutral,0.8242581486701965,0.7385513782501221,0.9392363429069519,0.67,False
1270,50.8,neutral,0.8279061913490295,0.7397809624671936,0.9325224757194519,0.7,False
1271,50.84,neutral,0.8269191384315491,0.7394629716873169,0.9305074214935303,0.72,False
1272,50.88,neutral,0.8263576626777649,0.7366441488265991,0.9305393695831299,0.74,False
1273,50.92,neutral,0.8240620493888855,0.7344372272491455,0.9284018278121948,0.75,False
1274,50.96,neutral,0.8232247829437256,0.7324670553207397,0.9262570142745972,0.76,False
1275,51.0,neutral,0.8208773732185364,0.7301414012908936,0.9260708689689636,0.77,False
1276,51.04,neutral,0.8170924782752991,0.7299153208732605,0.9242639541625977,0.78,False
1277,51.08,neutral,0.8127375245094299,0.7268723249435425,0.9226736426353455,0.8,False
1278,51.12,neutral,0.8102141618728638,0.7249391674995422,0.9232783913612366,0.81,False
1279,51.16,neutral,0.8063221573829651,0.7209957838058472,0.9247354865074158,0.83,False
1280,51.2,neutral,0.804239809513092,0.719696581363678,0.9244909286499023,0.84,False
1281,51.24,neutral,0.8025579452514648,0.7186013460159302,0.9209871292114258,0.85,False
1282,51.28,neutral,0.8017826080322266,0.7183665037155151,0.916914701461792,0.86,False
1283,51.32,neutral,0.801306962966919,0.7183204889297485,0.9054327011108398,0.87,False
1284,51.36,neutral,0.8002216219902039,0.7178624868392944,0.9017660617828369,0.87,False
1285,51.4,neutral,0.8001407980918884,0.7153715491294861,0.8945720195770264,0.88,False
1286,51.44,neutral,0.7998490929603577,0.7132954001426697,0.894219696521759,0.88,False
1287,51.48,neutral,0.7976900339126587,0.7103662490844727,0.8931391835212708,0.88,False
1288,51.52,neutral,0.7980054020881653,0.710391104221344,0.8873876333236694,0.89,False
1289,51.56,neutral,0.7967347502708435,0.7103245258331299,0.8821901082992554,0.89,False
1290,51.6,neutral,0.7938072085380554,0.7093069553375244,0.8799980878829956,0.9,False
1291,51.64,neutral,0.7922646999359131,0.7074023485183716,0.8780269622802734,0.9,False
1292,51.68,neutral,0.7884151339530945,0.7066171169281006,0.8785800337791443,0.91,False
1293,51.72,neutral,0.7870890498161316,0.7058279514312744,0.8782626986503601,0.91,False
1294,51.76,neutral,0.7860056161880493,0.7053700089454651,0.8795626759529114,0.91,False
1295,51.8,neutral,0.7849061489105225,0.7052735090255737,0.8802324533462524,0.91,False
1296,51.84,neutral,0.7844889163970947,0.7052146792411804,0.880405604839325,0.91,False
1297,51.88,neutral,0.7837190628051758,0.7056721448898315,0.8796161413192749,0.91,False
1298,51.92,neutral,0.7840940952301025,0.7059924006462097,0.8788837194442749,0.91,False
1299,51.96,neutral,0.7838091254234314,0.7056595087051392,0.8784348964691162,0.9,False
1300,52.0,neutral,0.7845370173454285,0.7051643133163452,0.8766096830368042,0.9,False
1301,52.04,neutral,0.7832961082458496,0.7046571373939514,0.8751509785652161,0.9,False
1302,52.08,neutral,0.7838453054428101,0.7035644054412842,0.8752754926681519,0.91,False
1303,52.12,neutral,0.7832104563713074,0.7021948099136353,0.8758243918418884,0.91,False
1304,52.16,neutral,0.7826541066169739,0.700732946395874,0.8758548498153687,0.91,False
1305,52.2,neutral,0.7795897126197815,0.6987667679786682,0.8742425441741943,0.9,False
1306,52.24,neutral,0.7728648781776428,0.6950067281723022,0.874617874622345,0.89,False
1307,52.28,neutral,0.7713911533355713,0.689885139465332,0.8709404468536377,0.89,False
1308,52.32,neutral,0.7630990147590637,0.6830041408538818,0.8676679134368896,0.87,False
1309,52.36,neutral,0.7572681903839111,0.6779401302337646,0.8646306991577148,0.88,False
1310,52.4,neutral,0.7556955218315125,0.6816626787185669,0.8562031388282776,0.89,False
1311,52.44,neutral,0.7511454224586487,0.6701378226280212,0.8507512211799622,0.89,False
1312,52.48,neutral,0.7506449222564697,0.664811909198761,0.8573024868965149,0.89,False
1313,52.52,neutral,0.7460057139396667,0.6616601347923279,0.856234610080719,0.87,False
1314,52.56,neutral,0.745908260345459,0.6599927544593811,0.8585216999053955,0.86,False
1315,52.6,neutral,0.7463704943656921,0.6596068739891052,0.8592221736907959,0.85,False
1316,52.64,neutral,0.7449192404747009,0.6594629287719727,0.8599833250045776,0.85,False
1317,52.68,neutral,0.7435415387153625,0.6592166423797607,0.8505979776382446,0.84,False
1318,52.72,neutral,0.7420287132263184,0.6593868136405945,0.8429098129272461,0.85,False
1319,52.76,neutral,0.7408931255340576,0.6576001644134521,0.8353185057640076,0.85,False
1320,52.8,neutral,0.73655104637146,0.6550416350364685,0.8264408111572266,0.84,False
1321,52.84,neutral,0.7302380800247192,0.6488584280014038,0.8284735083580017,0.85,False
1322,52.88,neutral,0.7266314029693604,0.6463724970817566,0.8286299705505371,0.85,False
1323,52.92,neutral,0.7211248874664307,0.6417381763458252,0.8324984312057495,0.86,False
1324,52.96,neutral,0.7167381644248962,0.6374777555465698,0.8342568278312683,0.87,False
1325,53.0,neutral,0.7125411033630371,0.6320730447769165,0.8324653506278992,0.86,False
1326,53.04,neutral,0.7070477604866028,0.6316859126091003,0.8287521600723267,0.84,False
1327,53.08,neutral,0.7000680565834045,0.6308507323265076,0.8282909393310547,0.81,False
1328,53.12,neutral,0.6923890113830566,0.6296656727790833,0.82868492603302,0.78,False
1329,53.16,neutral,0.663842499256134,0.627446174621582,0.8286607265472412,0.71,False
1330,53.2,neutral,0.6573788523674011,0.6213710308074951,0.8175780177116394,0.65,False
1331,53.24,neutral,0.6436835527420044,0.615903377532959,0.8057027459144592,0.61,False
1332,53.28,neutral,0.6357815265655518,0.6086610555648804,0.795488178730011,0.57,False
1333,53.32,neutral,0.6321026086807251,0.60251784324646,0.7902238965034485,0.54,False
1334,53.36,neutral,0.6359917521476746,0.5995749235153198,0.7799497842788696,0.49,True
1335,53.4,neutral,0.6211795210838318,0.5931799411773682,0.7707117795944214,0.48,True
1336,53.44,neutral,0.6172688007354736,0.591579020023346,0.7708148956298828,0.46,True
1337,53.48,neutral,0.6136893630027771,0.5876811146736145,0.7647848725318909,0.45,True
1338,53.52,neutral,0.6095931529998779,0.5863368511199951,0.749457836151123,0.45,True
1339,53.56,neutral,0.6122932434082031,0.5854073762893677,0.7573457360267639,0.44,True
1340,53.6,neutral,0.6176051497459412,0.5831049680709839,0.7500283718109131,0.42,True
1341,53.64,neutral,0.6079182624816895,0.5783511996269226,0.7485073804855347,0.4,True
1342,53.68,neutral,0.5927714109420776,0.5732824802398682,0.7412830591201782,0.41,True
1343,53.72,neutral,0.5896709561347961,0.565664529800415,0.7225311398506165,0.46,True
1344,53.76,neutral,0.5915327072143555,0.5650274753570557,0.7230356931686401,0.49,True
1345,53.8,neutral,0.5936815738677979,0.5638278126716614,0.7194441556930542,0.53,False
1346,53.84,neutral,0.5977952480316162,0.5663759708404541,0.7105028033256531,0.54,False
1347,53.88,neutral,0.59979647397995,0.5643855333328247,0.7037667036056519,0.54,False
1348,53.92,neutral,0.6010119915008545,0.5621580481529236,0.6947279572486877,0.49,True
1349,53.96,neutral,0.6006552577018738,0.5598156452178955,0.6868447661399841,0.46,True
1350,54.0,neutral,0.6011462211608887,0.5600900053977966,0.691979706287384,0.43,True
1351,54.04,neutral,0.6015228629112244,0.561799943447113,0.6866119503974915,0.4,True
1352,54.08,neutral,0.5806829333305359,0.5603827834129333,0.686697244644165,0.38,True
1353,54.12,neutral,0.5734312534332275,0.5574495196342468,0.6871707439422607,0.4,True
1354,54.16,neutral,0.5839798450469971,0.5568244457244873,0.6876835227012634,0.42,True
1355,54.2,neutral,0.5774925947189331,0.5525086522102356,0.6865143775939941,0.45,True
1356,54.24,neutral,0.5578510761260986,0.5493287444114685,0.6856948137283325,0.49,True
1357,54.28,neutral,0.562676727771759,0.5458770394325256,0.6835700869560242,0.51,False
1358,54.32,neutral,0.5486745238304138,0.5470752716064453,0.680087685585022,0.54,False
1359,54.36,neutral,0.5562819242477417,0.5454840660095215,0.6824495196342468,0.53,False
1360,54.4,neutral,0.5601910352706909,0.5423091053962708,0.6804307699203491,0.5,False
1361,54.44,neutral,0.5304567217826843,0.5402753353118896,0.6781904697418213,0.53,False
1362,54.48,neutral,0.5284664034843445,0.5339978337287903,0.6771103739738464,0.55,False
1363,54.52,neutral,0.5307238101959229,0.5376320481300354,0.6767744421958923,0.51,False
1364,54.56,neutral,0.5404166579246521,0.5397279262542725,0.6784526109695435,0.46,True
1365,54.6,neutral,0.5888664722442627,0.5412269234657288,0.6793420314788818,0.48,True
1366,54.64,neutral,0.5972987413406372,0.5453981757164001,0.6813052892684937,0.49,True
1367,54.68,neutral,0.5786651372909546,0.5459790825843811,0.6845441460609436,0.53,False
1368,54.72,neutral,0.6024311184883118,0.551765501499176,0.6856992244720459,0.57,False
1369,54.76,neutral,0.6072632074356079,0.5601417422294617,0.6978047490119934,0.61,False
1370,54.8,neutral,0.5998754501342773,0.5621870160102844,0.6907555460929871,0.64,False
1371,54.84,neutral,0.6036801934242249,0.5619778633117676,0.6960705518722534,0.67,False
1372,54.88,neutral,0.5604008436203003,0.5768465995788574,0.7018619179725647,0.7,False
1373,54.92,neutral,0.6316790580749512,0.5872151255607605,0.7054809331893921,0.72,False
1374,54.96,neutral,0.5929723381996155,0.5850026607513428,0.7080820798873901,0.72,False
1375,55.0,neutral,0.6532003879547119,0.5969716906547546,0.7119603753089905,0.73,False
1376,55.04,neutral,0.6623895764350891,0.6071852445602417,0.7189962267875671,0.73,False
1377,55.08,neutral,0.6480165123939514,0.6082066893577576,0.7201849818229675,0.76,False
1378,55.12,neutral,0.6478750705718994,0.6113999485969543,0.7204778790473938,0.77,False
1379,55.16,neutral,0.6450042724609375,0.612896740436554,0.7216301560401917,0.78,False
1380,55.2,neutral,0.6354196667671204,0.6177515387535095,0.7240747213363647,0.8,False
1381,55.24,neutral,0.6554291248321533,0.6215609312057495,0.7259966135025024,0.81,False
1382,55.28,neutral,0.6615976095199585,0.6216604709625244,0.7326108813285828,0.83,False
1383,55.32,neutral,0.6442156434059143,0.621651291847229,0.7390653491020203,0.84,False
1384,55.36,neutral,0.6712347865104675,0.6238435506820679,0.7460864186286926,0.84,False
1385,55.4,Angriff,0.6120697855949402,0.6239316463470459,0.7476341128349304,0.85,False
1386,55.44,neutral,0.6419928073883057,0.6246265769004822,0.74985271692276,0.86,False
1387,55.48,neutral,0.6633814573287964,0.6289812326431274,0.7505824565887451,0.87,False
1388,55.52,neutral,0.6558396816253662,0.6245226860046387,0.750786542892456,0.88,False
1389,55.56,Angriff,0.60877525806427,0.6222407817840576,0.7499123811721802,0.89,False
1390,55.6,Angriff,0.6046926975250244,0.6181567907333374,0.746056318283081,0.9,False
1391,55.64,Angriff,0.6082652807235718,0.61761075258255,0.7507336735725403,0.91,False
1392,55.68,Angriff,0.6175547242164612,0.6238229870796204,0.749284565448761,0.91,False
1393,55.72,Angriff,0.6230804920196533,0.6282280087471008,0.7493491172790527,0.91,False
1394,55.76,neutral,0.6647056937217712,0.6461375951766968,0.7566204071044922,0.91,False
1395,55.8,neutral,0.6540343761444092,0.6503002643585205,0.7563808560371399,0.92,False
1396,55.84,Angriff,0.6452034711837769,0.6634891629219055,0.7559317946434021,0.91,False
1397,55.88,Angriff,0.6424283385276794,0.6679487824440002,0.7367802858352661,0.91,False
1548,61.92,Angriff,0.51612788438797,0.5351458191871643,0.6927829384803772,0.91,False
